plant_id_epa,emissions_unit_id_epa,plant_id_eia,max_gross_load_mw,min_stable_level,min_up_time_hr,min_down_time_hr,heat_rate_at_max_load_factor_mmbtu_per_mwh,heat_rate_at_min_stable_level_mmbtu_per_mwh,ramp_up_rate_fraction_of_max_gross_load_per_min,ramp_down_rate_fraction_of_max_gross_load_per_min,load_factor_bins
260,1A,260,279.0,0.5,1.0,1.0,7.02,7.72,0.01,-0.01,"[(0.9, 1.0], (0.8, 0.9], (0.7, 0.8], (0.6, 0.7], (-0.001, 0.1], ..., (0.1, 0.2], (0.4, 0.5], (0.5, 0.6], (0.3, 0.4], (0.2, 0.3]]
Length: 11
Categories (10, interval[float64, right]): [(-0.001, 0.1] < (0.1, 0.2] < (0.2, 0.3] < (0.3, 0.4] ... (0.6, 0.7] < (0.7, 0.8] < (0.8, 0.9] < (0.9, 1.0]]"
260,2A,260,277.0,0.5,1.0,1.0,7.02,7.63,0.01,-0.01,"[(0.4, 0.5], NaN, (0.1, 0.2], (0.7, 0.8], (0.9, 1.0], ..., (0.3, 0.4], (0.5, 0.6], (0.6, 0.7], (-0.001, 0.1], (0.2, 0.3]]
Length: 11
Categories (10, interval[float64, right]): [(-0.001, 0.1] < (0.1, 0.2] < (0.2, 0.3] < (0.3, 0.4] ... (0.6, 0.7] < (0.7, 0.8] < (0.8, 0.9] < (0.9, 1.0]]"
260,3A,260,284.0,0.5,1.0,1.0,7.05,7.73,0.01,-0.01,"[(0.8, 0.9], (0.9, 1.0], (0.4, 0.5], NaN, (-0.001, 0.1], ..., (0.6, 0.7], (0.3, 0.4], (0.5, 0.6], (0.1, 0.2], (0.2, 0.3]]
Length: 11
Categories (10, interval[float64, right]): [(-0.001, 0.1] < (0.1, 0.2] < (0.2, 0.3] < (0.3, 0.4] ... (0.6, 0.7] < (0.7, 0.8] < (0.8, 0.9] < (0.9, 1.0]]"
260,4A,260,272.0,0.5,1.0,1.0,6.98,7.63,0.01,-0.01,"[(0.8, 0.9], (0.3, 0.4], NaN, (-0.001, 0.1], (0.7, 0.8], ..., (0.1, 0.2], (0.6, 0.7], (0.5, 0.6], (0.9, 1.0], (0.2, 0.3]]
Length: 11
Categories (10, interval[float64, right]): [(-0.001, 0.1] < (0.1, 0.2] < (0.2, 0.3] < (0.3, 0.4] ... (0.6, 0.7] < (0.7, 0.8] < (0.8, 0.9] < (0.9, 1.0]]"
302,10,59002,114.0,0.2,1.0,1.0,8.84,13.12,0.01,-0.01,"[NaN, (0.1, 0.2], (0.7, 0.8], (0.8, 0.9], (-0.001, 0.1], ..., (0.2, 0.3], (0.3, 0.4], (0.5, 0.6], (0.9, 1.0], (0.6, 0.7]]
Length: 11
Categories (10, interval[float64, right]): [(-0.001, 0.1] < (0.1, 0.2] < (0.2, 0.3] < (0.3, 0.4] ... (0.6, 0.7] < (0.7, 0.8] < (0.8, 0.9] < (0.9, 1.0]]"
302,6,59002,110.0,0.2,1.0,1.0,8.89,13.87,0.01,-0.01,"[NaN, (0.1, 0.2], (0.2, 0.3], (-0.001, 0.1], (0.5, 0.6], ..., (0.4, 0.5], (0.8, 0.9], (0.7, 0.8], (0.6, 0.7], (0.9, 1.0]]
Length: 11
Categories (10, interval[float64, right]): [(-0.001, 0.1] < (0.1, 0.2] < (0.2, 0.3] < (0.3, 0.4] ... (0.6, 0.7] < (0.7, 0.8] < (0.8, 0.9] < (0.9, 1.0]]"
302,8,59002,109.0,0.2,1.0,1.0,8.94,14.02,0.01,-0.01,"[NaN, (0.1, 0.2], (0.2, 0.3], (0.3, 0.4], (-0.001, 0.1], ..., (0.4, 0.5], (0.6, 0.7], (0.8, 0.9], (0.7, 0.8], (0.9, 1.0]]
Length: 11
Categories (10, interval[float64, right]): [(-0.001, 0.1] < (0.1, 0.2] < (0.2, 0.3] < (0.3, 0.4] ... (0.6, 0.7] < (0.7, 0.8] < (0.8, 0.9] < (0.9, 1.0]]"
302,7,59002,113.0,0.2,1.0,1.0,8.91,13.93,0.01,-0.01,"[NaN, (0.4, 0.5], (0.2, 0.3], (-0.001, 0.1], (0.1, 0.2], ..., (0.7, 0.8], (0.5, 0.6], (0.8, 0.9], (0.6, 0.7], (0.9, 1.0]]
Length: 11
Categories (10, interval[float64, right]): [(-0.001, 0.1] < (0.1, 0.2] < (0.2, 0.3] < (0.3, 0.4] ... (0.6, 0.7] < (0.7, 0.8] < (0.8, 0.9] < (0.9, 1.0]]"
302,9,59002,115.0,0.2,1.0,1.0,8.86,13.83,0.01,-0.01,"[NaN, (0.1, 0.2], (0.2, 0.3], (0.3, 0.4], (-0.001, 0.1], ..., (0.5, 0.6], (0.6, 0.7], (0.8, 0.9], (0.7, 0.8], (0.9, 1.0]]
Length: 11
Categories (10, interval[float64, right]): [(-0.001, 0.1] < (0.1, 0.2] < (0.2, 0.3] < (0.3, 0.4] ... (0.6, 0.7] < (0.7, 0.8] < (0.8, 0.9] < (0.9, 1.0]]"
315,CT1,315,348.0,0.4,2.0,1.0,6.7,7.8,0.01,-0.01,"[NaN, (0.2, 0.3], (0.8, 0.9], (0.9, 1.0], (0.5, 0.6], ..., (0.7, 0.8], (0.6, 0.7], (0.1, 0.2], (0.4, 0.5], (-0.001, 0.1]]
Length: 11
Categories (10, interval[float64, right]): [(-0.001, 0.1] < (0.1, 0.2] < (0.2, 0.3] < (0.3, 0.4] ... (0.6, 0.7] < (0.7, 0.8] < (0.8, 0.9] < (0.9, 1.0]]"
315,5,315,476.0,0.1,1.0,39.0,10.31,14.69,0.0,-0.0,"[NaN, (-0.001, 0.1], (0.1, 0.2], (0.2, 0.3], (0.4, 0.5], ..., (0.9, 1.0], (0.8, 0.9], (0.3, 0.4], (0.5, 0.6], (0.6, 0.7]]
Length: 11
Categories (10, interval[float64, right]): [(-0.001, 0.1] < (0.1, 0.2] < (0.2, 0.3] < (0.3, 0.4] ... (0.6, 0.7] < (0.7, 0.8] < (0.8, 0.9] < (0.9, 1.0]]"
335,CT1,335,352.0,0.4,4.0,1.0,6.69,7.86,0.01,-0.01,"[(0.9, 1.0], (0.6, 0.7], (0.1, 0.2], NaN, (0.2, 0.3], ..., (0.8, 0.9], (0.4, 0.5], (0.3, 0.4], (0.5, 0.6], (-0.001, 0.1]]
Length: 11
Categories (10, interval[float64, right]): [(-0.001, 0.1] < (0.1, 0.2] < (0.2, 0.3] < (0.3, 0.4] ... (0.6, 0.7] < (0.7, 0.8] < (0.8, 0.9] < (0.9, 1.0]]"
335,CT2,335,352.0,0.4,1.0,1.0,6.67,7.82,0.01,-0.01,"[(0.7, 0.8], (0.9, 1.0], (0.8, 0.9], (0.5, 0.6], NaN, ..., (0.4, 0.5], (0.6, 0.7], (0.3, 0.4], (-0.001, 0.1], (0.1, 0.2]]
Length: 11
Categories (10, interval[float64, right]): [(-0.001, 0.1] < (0.1, 0.2] < (0.2, 0.3] < (0.3, 0.4] ... (0.6, 0.7] < (0.7, 0.8] < (0.8, 0.9] < (0.9, 1.0]]"
330,7,57901,280.0,0.5,1.0,1.0,7.85,8.75,0.01,-0.01,"[NaN, (0.3, 0.4], (0.5, 0.6], (0.6, 0.7], (0.1, 0.2], ..., (0.8, 0.9], (0.9, 1.0], (0.7, 0.8], (-0.001, 0.1], (0.2, 0.3]]
Length: 11
Categories (10, interval[float64, right]): [(-0.001, 0.1] < (0.1, 0.2] < (0.2, 0.3] < (0.3, 0.4] ... (0.6, 0.7] < (0.7, 0.8] < (0.8, 0.9] < (0.9, 1.0]]"
330,5,57901,285.0,0.5,1.0,1.0,7.98,8.85,0.01,-0.01,"[NaN, (0.1, 0.2], (0.4, 0.5], (0.5, 0.6], (0.3, 0.4], ..., (0.8, 0.9], (0.9, 1.0], (0.7, 0.8], (0.2, 0.3], (-0.001, 0.1]]
Length: 11
Categories (10, interval[float64, right]): [(-0.001, 0.1] < (0.1, 0.2] < (0.2, 0.3] < (0.3, 0.4] ... (0.6, 0.7] < (0.7, 0.8] < (0.8, 0.9] < (0.9, 1.0]]"
315,CT2,315,407.0,0.3,2.0,1.0,5.57,7.86,0.01,-0.01,"[(0.6, 0.7], (0.4, 0.5], (0.5, 0.6], (0.8, 0.9], (0.7, 0.8], ..., (0.2, 0.3], (-0.001, 0.1], (0.3, 0.4], (0.1, 0.2], (0.9, 1.0]]
Length: 11
Categories (10, interval[float64, right]): [(-0.001, 0.1] < (0.1, 0.2] < (0.2, 0.3] < (0.3, 0.4] ... (0.6, 0.7] < (0.7, 0.8] < (0.8, 0.9] < (0.9, 1.0]]"
315,4,315,339.0,0.2,1.0,3.0,10.02,12.69,0.0,-0.0,"[(-0.001, 0.1], NaN, (0.1, 0.2], (0.2, 0.3], (0.3, 0.4], ..., (0.4, 0.5], (0.6, 0.7], (0.8, 0.9], (0.9, 1.0], (0.7, 0.8]]
Length: 11
Categories (10, interval[float64, right]): [(-0.001, 0.1] < (0.1, 0.2] < (0.2, 0.3] < (0.3, 0.4] ... (0.6, 0.7] < (0.7, 0.8] < (0.8, 0.9] < (0.9, 1.0]]"
315,3,315,337.0,0.2,1.0,3.0,9.88,13.21,0.0,-0.0,"[(-0.001, 0.1], (0.1, 0.2], NaN, (0.2, 0.3], (0.3, 0.4], ..., (0.6, 0.7], (0.4, 0.5], (0.8, 0.9], (0.9, 1.0], (0.7, 0.8]]
Length: 11
Categories (10, interval[float64, right]): [(-0.001, 0.1] < (0.1, 0.2] < (0.2, 0.3] < (0.3, 0.4] ... (0.6, 0.7] < (0.7, 0.8] < (0.8, 0.9] < (0.9, 1.0]]"
335,2,335,238.0,0.2,1.0,1.0,9.81,10.89,0.01,-0.0,"[NaN, (-0.001, 0.1], (0.1, 0.2], (0.4, 0.5], (0.3, 0.4], ..., (0.2, 0.3], (0.6, 0.7], (0.7, 0.8], (0.9, 1.0], (0.8, 0.9]]
Length: 11
Categories (10, interval[float64, right]): [(-0.001, 0.1] < (0.1, 0.2] < (0.2, 0.3] < (0.3, 0.4] ... (0.6, 0.7] < (0.7, 0.8] < (0.8, 0.9] < (0.9, 1.0]]"
341,1,341,61.0,0.8,1.0,12.0,14.96,15.44,0.01,-0.01,"[NaN, (-0.001, 0.1], (0.2, 0.3], (0.3, 0.4], (0.7, 0.8], ..., (0.9, 1.0], (0.4, 0.5], (0.5, 0.6], (0.6, 0.7], (0.1, 0.2]]
Length: 11
Categories (10, interval[float64, right]): [(-0.001, 0.1] < (0.1, 0.2] < (0.2, 0.3] < (0.3, 0.4] ... (0.6, 0.7] < (0.7, 0.8] < (0.8, 0.9] < (0.9, 1.0]]"
341,2,341,62.0,0.7,1.0,1.0,15.19,15.89,0.01,-0.01,"[NaN, (0.1, 0.2], (0.4, 0.5], (0.7, 0.8], (0.6, 0.7], ..., (0.8, 0.9], (0.3, 0.4], (0.5, 0.6], (0.9, 1.0], (0.2, 0.3]]
Length: 11
Categories (10, interval[float64, right]): [(-0.001, 0.1] < (0.1, 0.2] < (0.2, 0.3] < (0.3, 0.4] ... (0.6, 0.7] < (0.7, 0.8] < (0.8, 0.9] < (0.9, 1.0]]"
341,3,341,64.0,0.705,1.0,3.0,16.12,17.0,0.01,-0.01,"[NaN, (0.0146, 0.114], (0.114, 0.212], (0.212, 0.311], (0.705, 0.803], ..., (0.311, 0.409], (0.508, 0.606], (0.409, 0.508], (0.902, 1.0], (0.803, 0.902]]
Length: 11
Categories (10, interval[float64, right]): [(0.0146, 0.114] < (0.114, 0.212] < (0.212, 0.311] < (0.311, 0.409] ... (0.606, 0.705] < (0.705, 0.803] < (0.803, 0.902] < (0.902, 1.0]]"
350,2,350,761.0,0.1,1.0,2.0,9.52,13.25,0.0,-0.0,"[NaN, (-0.001, 0.1], (0.1, 0.2], (0.3, 0.4], (0.5, 0.6], ..., (0.4, 0.5], (0.2, 0.3], (0.6, 0.7], (0.8, 0.9], (0.7, 0.8]]
Length: 11
Categories (10, interval[float64, right]): [(-0.001, 0.1] < (0.1, 0.2] < (0.2, 0.3] < (0.3, 0.4] ... (0.6, 0.7] < (0.7, 0.8] < (0.8, 0.9] < (0.9, 1.0]]"
350,1,350,758.0,0.1,1.0,1.0,9.66,15.32,0.0,-0.0,"[NaN, (-0.001, 0.1], (0.1, 0.2], (0.2, 0.3], (0.5, 0.6], ..., (0.8, 0.9], (0.6, 0.7], (0.3, 0.4], (0.9, 1.0], (0.4, 0.5]]
Length: 11
Categories (10, interval[float64, right]): [(-0.001, 0.1] < (0.1, 0.2] < (0.2, 0.3] < (0.3, 0.4] ... (0.6, 0.7] < (0.7, 0.8] < (0.8, 0.9] < (0.9, 1.0]]"
356,5,356,183.0,0.2,1.0,2.0,10.88,15.9,0.0,-0.0,"[(-0.001, 0.1], NaN, (0.5, 0.6], (0.1, 0.2], (0.2, 0.3], ..., (0.4, 0.5], (0.6, 0.7], (0.9, 1.0], (0.7, 0.8], (0.8, 0.9]]
Length: 11
Categories (10, interval[float64, right]): [(-0.001, 0.1] < (0.1, 0.2] < (0.2, 0.3] < (0.3, 0.4] ... (0.6, 0.7] < (0.7, 0.8] < (0.8, 0.9] < (0.9, 1.0]]"
341,4,341,61.0,0.705,1.0,1.0,16.7,17.59,0.01,-0.01,"[NaN, (0.115, 0.213], (0.41, 0.508], (0.803, 0.902], (0.705, 0.803], ..., (0.508, 0.607], (0.607, 0.705], (0.902, 1.0], (0.213, 0.311], (0.311, 0.41]]
Length: 11
Categories (10, interval[float64, right]): [(0.0154, 0.115] < (0.115, 0.213] < (0.213, 0.311] < (0.311, 0.41] ... (0.607, 0.705] < (0.705, 0.803] < (0.803, 0.902] < (0.902, 1.0]]"
377,5,377,25.0,0.5,1002.0,1.0,14.36,17.0,0.0,0.0,"[(-0.001, 0.1], NaN, (0.6, 0.7], (0.7, 0.8], (0.8, 0.9], (0.9, 1.0], (0.5, 0.6], (0.4, 0.5], (0.1, 0.2]]
Categories (10, interval[float64, right]): [(-0.001, 0.1] < (0.1, 0.2] < (0.2, 0.3] < (0.3, 0.4] ... (0.6, 0.7] < (0.7, 0.8] < (0.8, 0.9] < (0.9, 1.0]]"
377,4,377,36.0,0.4,18.0,1.0,12.47,13.99,0.0,0.0,"[NaN, (-0.001, 0.1], (0.1, 0.2], (0.3, 0.4], (0.4, 0.5], ..., (0.8, 0.9], (0.9, 1.0], (0.5, 0.6], (0.6, 0.7], (0.7, 0.8]]
Length: 11
Categories (10, interval[float64, right]): [(-0.001, 0.1] < (0.1, 0.2] < (0.2, 0.3] < (0.3, 0.4] ... (0.6, 0.7] < (0.7, 0.8] < (0.8, 0.9] < (0.9, 1.0]]"
358,4-2,358,289.0,0.3,1.0,1.0,6.87,8.2,0.01,-0.01,"[NaN, (-0.001, 0.1], (0.3, 0.4], (0.7, 0.8], (0.9, 1.0], ..., (0.2, 0.3], (0.4, 0.5], (0.6, 0.7], (0.5, 0.6], (0.1, 0.2]]
Length: 11
Categories (10, interval[float64, right]): [(-0.001, 0.1] < (0.1, 0.2] < (0.2, 0.3] < (0.3, 0.4] ... (0.6, 0.7] < (0.7, 0.8] < (0.8, 0.9] < (0.9, 1.0]]"
358,3-2,358,292.0,0.3,1.0,1.0,6.94,8.52,0.01,-0.01,"[NaN, (-0.001, 0.1], (0.2, 0.3], (0.7, 0.8], (0.9, 1.0], ..., (0.6, 0.7], (0.4, 0.5], (0.3, 0.4], (0.5, 0.6], (0.1, 0.2]]
Length: 11
Categories (10, interval[float64, right]): [(-0.001, 0.1] < (0.1, 0.2] < (0.2, 0.3] < (0.3, 0.4] ... (0.6, 0.7] < (0.7, 0.8] < (0.8, 0.9] < (0.9, 1.0]]"
358,4-1,358,289.0,0.3,1.0,1.0,6.89,8.42,0.01,-0.01,"[NaN, (-0.001, 0.1], (0.1, 0.2], (0.3, 0.4], (0.6, 0.7], ..., (0.7, 0.8], (0.9, 1.0], (0.8, 0.9], (0.2, 0.3], (0.4, 0.5]]
Length: 11
Categories (10, interval[float64, right]): [(-0.001, 0.1] < (0.1, 0.2] < (0.2, 0.3] < (0.3, 0.4] ... (0.6, 0.7] < (0.7, 0.8] < (0.8, 0.9] < (0.9, 1.0]]"
358,3-1,358,286.0,0.3,2.0,1.0,6.89,8.49,0.01,-0.01,"[NaN, (-0.001, 0.1], (0.3, 0.4], (0.9, 1.0], (0.6, 0.7], ..., (0.5, 0.6], (0.8, 0.9], (0.1, 0.2], (0.7, 0.8], (0.2, 0.3]]
Length: 11
Categories (10, interval[float64, right]): [(-0.001, 0.1] < (0.1, 0.2] < (0.2, 0.3] < (0.3, 0.4] ... (0.6, 0.7] < (0.7, 0.8] < (0.8, 0.9] < (0.9, 1.0]]"
356,8,356,465.0,0.2,2.0,22.0,10.07,12.06,0.0,-0.0,"[NaN, (-0.001, 0.1], (0.1, 0.2], (0.2, 0.3], (0.3, 0.4], ..., (0.5, 0.6], (0.8, 0.9], (0.9, 1.0], (0.7, 0.8], (0.6, 0.7]]
Length: 11
Categories (10, interval[float64, right]): [(-0.001, 0.1] < (0.1, 0.2] < (0.2, 0.3] < (0.3, 0.4] ... (0.6, 0.7] < (0.7, 0.8] < (0.8, 0.9] < (0.9, 1.0]]"
356,6,356,179.0,0.2,1.0,1.0,11.19,16.63,0.0,-0.0,"[(-0.001, 0.1], NaN, (0.7, 0.8], (0.3, 0.4], (0.1, 0.2], ..., (0.9, 1.0], (0.5, 0.6], (0.2, 0.3], (0.6, 0.7], (0.4, 0.5]]
Length: 11
Categories (10, interval[float64, right]): [(-0.001, 0.1] < (0.1, 0.2] < (0.2, 0.3] < (0.3, 0.4] ... (0.6, 0.7] < (0.7, 0.8] < (0.8, 0.9] < (0.9, 1.0]]"
377,9,377,48.0,0.5,1.0,1.0,9.47,10.79,0.01,-0.01,"[NaN, (-0.001, 0.1], (0.4, 0.5], (0.5, 0.6], (0.8, 0.9], ..., (0.1, 0.2], (0.3, 0.4], (0.7, 0.8], (0.6, 0.7], (0.2, 0.3]]
Length: 11
Categories (10, interval[float64, right]): [(-0.001, 0.1] < (0.1, 0.2] < (0.2, 0.3] < (0.3, 0.4] ... (0.6, 0.7] < (0.7, 0.8] < (0.8, 0.9] < (0.9, 1.0]]"
389,2-2,389,106.0,0.63,1.0,1.0,8.83,9.29,0.0,-0.0,"[NaN, (0.723, 0.815], (0.908, 1.0], (0.815, 0.908], (0.63, 0.723], ..., (0.26, 0.353], (0.168, 0.26], (0.445, 0.538], (0.538, 0.63], (0.353, 0.445]]
Length: 11
Categories (10, interval[float64, right]): [(0.0745, 0.168] < (0.168, 0.26] < (0.26, 0.353] < (0.353, 0.445] ... (0.63, 0.723] < (0.723, 0.815] < (0.815, 0.908] < (0.908, 1.0]]"
389,4,389,70.0,0.211,1.0,1.0,10.52,12.09,0.0,-0.0,"[(0.31, 0.409], (0.507, 0.606], (0.409, 0.507], NaN, (0.0133, 0.113], ..., (0.606, 0.704], (0.803, 0.901], (0.704, 0.803], (0.901, 1.0], (0.113, 0.211]]
Length: 11
Categories (10, interval[float64, right]): [(0.0133, 0.113] < (0.113, 0.211] < (0.211, 0.31] < (0.31, 0.409] ... (0.606, 0.704] < (0.704, 0.803] < (0.803, 0.901] < (0.901, 1.0]]"
389,3-1,389,69.0,0.5,1.0,1.0,7.38,7.93,0.0,-0.0,"[(0.5, 0.6], (0.6, 0.7], (0.7, 0.8], (0.8, 0.9], (0.1, 0.2], ..., NaN, (0.2, 0.3], (-0.001, 0.1], (0.3, 0.4], (0.9, 1.0]]
Length: 11
Categories (10, interval[float64, right]): [(-0.001, 0.1] < (0.1, 0.2] < (0.2, 0.3] < (0.3, 0.4] ... (0.6, 0.7] < (0.7, 0.8] < (0.8, 0.9] < (0.9, 1.0]]"
389,3-2,389,68.0,0.5,1.0,1.0,7.33,7.95,0.0,-0.0,"[(0.6, 0.7], (0.5, 0.6], (0.7, 0.8], (0.8, 0.9], (0.4, 0.5], ..., NaN, (0.1, 0.2], (-0.001, 0.1], (0.2, 0.3], (0.3, 0.4]]
Length: 11
Categories (10, interval[float64, right]): [(-0.001, 0.1] < (0.1, 0.2] < (0.2, 0.3] < (0.3, 0.4] ... (0.6, 0.7] < (0.7, 0.8] < (0.8, 0.9] < (0.9, 1.0]]"
399,10,399,47.0,0.3,1.0,1.0,9.6,14.31,0.02,-0.02,"[NaN, (0.1, 0.2], (0.5, 0.6], (-0.001, 0.1], (0.4, 0.5], ..., (0.9, 1.0], (0.8, 0.9], (0.6, 0.7], (0.2, 0.3], (0.3, 0.4]]
Length: 11
Categories (10, interval[float64, right]): [(-0.001, 0.1] < (0.1, 0.2] < (0.2, 0.3] < (0.3, 0.4] ... (0.6, 0.7] < (0.7, 0.8] < (0.8, 0.9] < (0.9, 1.0]]"
399,**10A,399,113.0,0.4,1.0,1.0,8.77,14.04,0.01,-0.01,"[NaN, (-0.001, 0.1], (0.2, 0.3], (0.3, 0.4], (0.6, 0.7], ..., (0.8, 0.9], (0.9, 1.0], (0.5, 0.6], (0.4, 0.5], (0.1, 0.2]]
Length: 11
Categories (10, interval[float64, right]): [(-0.001, 0.1] < (0.1, 0.2] < (0.2, 0.3] < (0.3, 0.4] ... (0.6, 0.7] < (0.7, 0.8] < (0.8, 0.9] < (0.9, 1.0]]"
399,**10B,399,116.0,0.5,1.0,1.0,8.5,9.83,0.01,-0.01,"[NaN, (-0.001, 0.1], (0.1, 0.2], (0.2, 0.3], (0.6, 0.7], ..., (0.9, 1.0], (0.5, 0.6], (0.4, 0.5], (0.8, 0.9], (0.3, 0.4]]
Length: 11
Categories (10, interval[float64, right]): [(-0.001, 0.1] < (0.1, 0.2] < (0.2, 0.3] < (0.3, 0.4] ... (0.6, 0.7] < (0.7, 0.8] < (0.8, 0.9] < (0.9, 1.0]]"
399,11,399,48.0,0.8,1.0,1.0,9.71,9.87,0.02,-0.02,"[NaN, (-0.001, 0.1], (0.7, 0.8], (0.3, 0.4], (0.2, 0.3], ..., (0.1, 0.2], (0.9, 1.0], (0.6, 0.7], (0.4, 0.5], (0.5, 0.6]]
Length: 11
Categories (10, interval[float64, right]): [(-0.001, 0.1] < (0.1, 0.2] < (0.2, 0.3] < (0.3, 0.4] ... (0.6, 0.7] < (0.7, 0.8] < (0.8, 0.9] < (0.9, 1.0]]"
399,13,399,47.0,0.8,1.0,2.0,9.59,9.9,0.02,-0.02,"[NaN, (-0.001, 0.1], (0.5, 0.6], (0.3, 0.4], (0.8, 0.9], ..., (0.4, 0.5], (0.1, 0.2], (0.6, 0.7], (0.2, 0.3], (0.7, 0.8]]
Length: 11
Categories (10, interval[float64, right]): [(-0.001, 0.1] < (0.1, 0.2] < (0.2, 0.3] < (0.3, 0.4] ... (0.6, 0.7] < (0.7, 0.8] < (0.8, 0.9] < (0.9, 1.0]]"
399,14,399,48.0,0.3,1.0,3.0,9.56,14.03,0.02,-0.02,"[NaN, (0.1, 0.2], (0.4, 0.5], (-0.001, 0.1], (0.9, 1.0], ..., (0.5, 0.6], (0.3, 0.4], (0.2, 0.3], (0.7, 0.8], (0.6, 0.7]]
Length: 11
Categories (10, interval[float64, right]): [(-0.001, 0.1] < (0.1, 0.2] < (0.2, 0.3] < (0.3, 0.4] ... (0.6, 0.7] < (0.7, 0.8] < (0.8, 0.9] < (0.9, 1.0]]"
399,12,399,47.0,0.8,1.0,6.0,9.66,9.89,0.02,-0.01,"[NaN, (-0.001, 0.1], (0.9, 1.0], (0.3, 0.4], (0.2, 0.3], ..., (0.4, 0.5], (0.7, 0.8], (0.8, 0.9], (0.5, 0.6], (0.6, 0.7]]
Length: 11
Categories (10, interval[float64, right]): [(-0.001, 0.1] < (0.1, 0.2] < (0.2, 0.3] < (0.3, 0.4] ... (0.6, 0.7] < (0.7, 0.8] < (0.8, 0.9] < (0.9, 1.0]]"
400,10,400,290.0,0.5,1.0,1.0,6.82,7.41,0.01,-0.0,"[(0.9, 1.0], (0.8, 0.9], (0.2, 0.3], NaN, (0.1, 0.2], ..., (0.3, 0.4], (-0.001, 0.1], (0.4, 0.5], (0.7, 0.8], (0.5, 0.6]]
Length: 11
Categories (10, interval[float64, right]): [(-0.001, 0.1] < (0.1, 0.2] < (0.2, 0.3] < (0.3, 0.4] ... (0.6, 0.7] < (0.7, 0.8] < (0.8, 0.9] < (0.9, 1.0]]"
400,1,400,221.0,0.2,1.0,5.0,9.81,11.91,0.0,-0.0,"[NaN, (-0.001, 0.1], (0.1, 0.2], (0.2, 0.3], (0.4, 0.5], ..., (0.9, 1.0], (0.8, 0.9], (0.3, 0.4], (0.5, 0.6], (0.6, 0.7]]
Length: 11
Categories (10, interval[float64, right]): [(-0.001, 0.1] < (0.1, 0.2] < (0.2, 0.3] < (0.3, 0.4] ... (0.6, 0.7] < (0.7, 0.8] < (0.8, 0.9] < (0.9, 1.0]]"
400,11,400,102.0,0.5,1.0,1.0,8.83,10.42,0.02,-0.02,"[NaN, (-0.001, 0.1], (0.1, 0.2], (0.4, 0.5], (0.5, 0.6], ..., (0.8, 0.9], (0.9, 1.0], (0.7, 0.8], (0.3, 0.4], (0.2, 0.3]]
Length: 11
Categories (10, interval[float64, right]): [(-0.001, 0.1] < (0.1, 0.2] < (0.2, 0.3] < (0.3, 0.4] ... (0.6, 0.7] < (0.7, 0.8] < (0.8, 0.9] < (0.9, 1.0]]"
400,13,400,102.0,0.5,1.0,1.0,8.78,10.25,0.02,-0.02,"[NaN, (0.6, 0.7], (0.8, 0.9], (0.1, 0.2], (0.7, 0.8], ..., (-0.001, 0.1], (0.9, 1.0], (0.5, 0.6], (0.4, 0.5], (0.3, 0.4]]
Length: 11
Categories (10, interval[float64, right]): [(-0.001, 0.1] < (0.1, 0.2] < (0.2, 0.3] < (0.3, 0.4] ... (0.6, 0.7] < (0.7, 0.8] < (0.8, 0.9] < (0.9, 1.0]]"
400,12,400,103.0,0.5,1.0,1.0,8.78,10.35,0.02,-0.02,"[(-0.001, 0.1], NaN, (0.9, 1.0], (0.5, 0.6], (0.6, 0.7], ..., (0.4, 0.5], (0.7, 0.8], (0.1, 0.2], (0.2, 0.3], (0.3, 0.4]]
Length: 11
Categories (10, interval[float64, right]): [(-0.001, 0.1] < (0.1, 0.2] < (0.2, 0.3] < (0.3, 0.4] ... (0.6, 0.7] < (0.7, 0.8] < (0.8, 0.9] < (0.9, 1.0]]"
400,14,400,103.0,0.9,1.0,1.0,8.81,8.81,0.02,-0.02,"[NaN, (0.6, 0.7], (0.7, 0.8], (-0.001, 0.1], (0.4, 0.5], ..., (0.1, 0.2], (0.8, 0.9], (0.9, 1.0], (0.2, 0.3], (0.3, 0.4]]
Length: 11
Categories (10, interval[float64, right]): [(-0.001, 0.1] < (0.1, 0.2] < (0.2, 0.3] < (0.3, 0.4] ... (0.6, 0.7] < (0.7, 0.8] < (0.8, 0.9] < (0.9, 1.0]]"
400,15,400,102.0,0.5,1.0,1.0,8.83,10.34,0.02,-0.02,"[NaN, (-0.001, 0.1], (0.9, 1.0], (0.8, 0.9], (0.2, 0.3], ..., (0.4, 0.5], (0.3, 0.4], (0.5, 0.6], (0.6, 0.7], (0.7, 0.8]]
Length: 11
Categories (10, interval[float64, right]): [(-0.001, 0.1] < (0.1, 0.2] < (0.2, 0.3] < (0.3, 0.4] ... (0.6, 0.7] < (0.7, 0.8] < (0.8, 0.9] < (0.9, 1.0]]"
400,16,400,103.0,0.5,1.0,1.0,8.82,10.29,0.02,-0.02,"[NaN, (0.1, 0.2], (0.4, 0.5], (-0.001, 0.1], (0.2, 0.3], ..., (0.5, 0.6], (0.9, 1.0], (0.8, 0.9], (0.7, 0.8], (0.3, 0.4]]
Length: 11
Categories (10, interval[float64, right]): [(-0.001, 0.1] < (0.1, 0.2] < (0.2, 0.3] < (0.3, 0.4] ... (0.6, 0.7] < (0.7, 0.8] < (0.8, 0.9] < (0.9, 1.0]]"
400,2,400,229.0,0.2,5.0,1.0,9.8,12.4,0.0,-0.0,"[NaN, (-0.001, 0.1], (0.1, 0.2], (0.2, 0.3], (0.3, 0.4], ..., (0.6, 0.7], (0.4, 0.5], (0.7, 0.8], (0.9, 1.0], (0.8, 0.9]]
Length: 11
Categories (10, interval[float64, right]): [(-0.001, 0.1] < (0.1, 0.2] < (0.2, 0.3] < (0.3, 0.4] ... (0.6, 0.7] < (0.7, 0.8] < (0.8, 0.9] < (0.9, 1.0]]"
404,1,404,109.0,0.3,2.0,1.0,10.47,12.72,0.0,-0.0,"[(0.4, 0.5], (0.2, 0.3], NaN, (-0.001, 0.1], (0.1, 0.2], ..., (0.6, 0.7], (0.7, 0.8], (0.8, 0.9], (0.5, 0.6], (0.9, 1.0]]
Length: 11
Categories (10, interval[float64, right]): [(-0.001, 0.1] < (0.1, 0.2] < (0.2, 0.3] < (0.3, 0.4] ... (0.6, 0.7] < (0.7, 0.8] < (0.8, 0.9] < (0.9, 1.0]]"
400,9,400,290.0,0.5,1.0,1.0,6.96,7.38,0.0,-0.0,"[NaN, (0.8, 0.9], (0.6, 0.7], (0.5, 0.6], (0.9, 1.0], ..., (-0.001, 0.1], (0.1, 0.2], (0.4, 0.5], (0.2, 0.3], (0.3, 0.4]]
Length: 11
Categories (10, interval[float64, right]): [(-0.001, 0.1] < (0.1, 0.2] < (0.2, 0.3] < (0.3, 0.4] ... (0.6, 0.7] < (0.7, 0.8] < (0.8, 0.9] < (0.9, 1.0]]"
404,4,404,317.0,0.2,1.0,1.0,6.93,15.06,0.0,-0.0,"[NaN, (-0.001, 0.1], (0.2, 0.3], (0.3, 0.4], (0.4, 0.5], ..., (0.5, 0.6], (0.6, 0.7], (0.7, 0.8], (0.9, 1.0], (0.8, 0.9]]
Length: 11
Categories (10, interval[float64, right]): [(-0.001, 0.1] < (0.1, 0.2] < (0.2, 0.3] < (0.3, 0.4] ... (0.6, 0.7] < (0.7, 0.8] < (0.8, 0.9] < (0.9, 1.0]]"
404,6,404,105.0,0.2,1.0,1.0,8.79,13.38,0.02,-0.02,"[NaN, (0.7, 0.8], (0.4, 0.5], (-0.001, 0.1], (0.3, 0.4], ..., (0.2, 0.3], (0.9, 1.0], (0.6, 0.7], (0.8, 0.9], (0.5, 0.6]]
Length: 11
Categories (10, interval[float64, right]): [(-0.001, 0.1] < (0.1, 0.2] < (0.2, 0.3] < (0.3, 0.4] ... (0.6, 0.7] < (0.7, 0.8] < (0.8, 0.9] < (0.9, 1.0]]"
404,2,404,152.0,0.2,1.0,1.0,10.02,11.87,0.0,-0.0,"[NaN, (-0.001, 0.1], (0.1, 0.2], (0.2, 0.3], (0.3, 0.4], ..., (0.4, 0.5], (0.6, 0.7], (0.8, 0.9], (0.9, 1.0], (0.7, 0.8]]
Length: 11
Categories (10, interval[float64, right]): [(-0.001, 0.1] < (0.1, 0.2] < (0.2, 0.3] < (0.3, 0.4] ... (0.6, 0.7] < (0.7, 0.8] < (0.8, 0.9] < (0.9, 1.0]]"
404,7,404,109.0,0.8,1.0,1.0,8.78,8.96,0.02,-0.02,"[NaN, (-0.001, 0.1], (0.7, 0.8], (0.2, 0.3], (0.5, 0.6], ..., (0.1, 0.2], (0.3, 0.4], (0.9, 1.0], (0.8, 0.9], (0.4, 0.5]]
Length: 11
Categories (10, interval[float64, right]): [(-0.001, 0.1] < (0.1, 0.2] < (0.2, 0.3] < (0.3, 0.4] ... (0.6, 0.7] < (0.7, 0.8] < (0.8, 0.9] < (0.9, 1.0]]"
408,5,408,47.0,0.8,1.0,1.0,9.8,10.0,0.02,-0.02,"[NaN, (-0.001, 0.1], (0.3, 0.4], (0.2, 0.3], (0.5, 0.6], ..., (0.1, 0.2], (0.9, 1.0], (0.7, 0.8], (0.4, 0.5], (0.6, 0.7]]
Length: 11
Categories (10, interval[float64, right]): [(-0.001, 0.1] < (0.1, 0.2] < (0.2, 0.3] < (0.3, 0.4] ... (0.6, 0.7] < (0.7, 0.8] < (0.8, 0.9] < (0.9, 1.0]]"
408,6,408,274.0,0.5,1.0,1.0,6.76,7.4,0.01,-0.0,"[NaN, (-0.001, 0.1], (0.5, 0.6], (0.8, 0.9], (0.7, 0.8], ..., (0.6, 0.7], (0.9, 1.0], (0.4, 0.5], (0.3, 0.4], (0.2, 0.3]]
Length: 11
Categories (10, interval[float64, right]): [(-0.001, 0.1] < (0.1, 0.2] < (0.2, 0.3] < (0.3, 0.4] ... (0.6, 0.7] < (0.7, 0.8] < (0.8, 0.9] < (0.9, 1.0]]"
408,7,408,271.0,0.5,1.0,1.0,6.77,7.5,0.01,-0.0,"[(0.8, 0.9], (0.7, 0.8], (0.5, 0.6], (0.6, 0.7], (0.9, 1.0], ..., (-0.001, 0.1], (0.1, 0.2], (0.2, 0.3], (0.3, 0.4], (0.4, 0.5]]
Length: 11
Categories (10, interval[float64, right]): [(-0.001, 0.1] < (0.1, 0.2] < (0.2, 0.3] < (0.3, 0.4] ... (0.6, 0.7] < (0.7, 0.8] < (0.8, 0.9] < (0.9, 1.0]]"
422,GT5,422,68.0,0.3,1.0,1.0,7.67,11.12,0.01,-0.01,"[(0.3, 0.4], (0.2, 0.3], NaN, (-0.001, 0.1], (0.5, 0.6], ..., (0.6, 0.7], (0.7, 0.8], (0.1, 0.2], (0.8, 0.9], (0.9, 1.0]]
Length: 11
Categories (10, interval[float64, right]): [(-0.001, 0.1] < (0.1, 0.2] < (0.2, 0.3] < (0.3, 0.4] ... (0.6, 0.7] < (0.7, 0.8] < (0.8, 0.9] < (0.9, 1.0]]"
422,GT4,422,47.0,0.3,1.0,1.0,9.9,13.99,0.01,-0.01,"[(-0.001, 0.1], NaN, (0.5, 0.6], (0.3, 0.4], (0.6, 0.7], ..., (0.2, 0.3], (0.7, 0.8], (0.1, 0.2], (0.8, 0.9], (0.9, 1.0]]
Length: 11
Categories (10, interval[float64, right]): [(-0.001, 0.1] < (0.1, 0.2] < (0.2, 0.3] < (0.3, 0.4] ... (0.6, 0.7] < (0.7, 0.8] < (0.8, 0.9] < (0.9, 1.0]]"
422,GT3,422,47.0,0.3,1.0,1.0,9.84,14.13,0.01,-0.01,"[NaN, (0.2, 0.3], (0.3, 0.4], (0.5, 0.6], (-0.001, 0.1], ..., (0.6, 0.7], (0.4, 0.5], (0.7, 0.8], (0.8, 0.9], (0.9, 1.0]]
Length: 11
Categories (10, interval[float64, right]): [(-0.001, 0.1] < (0.1, 0.2] < (0.2, 0.3] < (0.3, 0.4] ... (0.6, 0.7] < (0.7, 0.8] < (0.8, 0.9] < (0.9, 1.0]]"
6013,1,6013,,,,,,,,,
6013,2,6013,,,,,,,,,
7266,2,7266,81.0,0.3,1.0,1.0,8.08,8.97,0.0,-0.0,"[NaN, (-0.001, 0.1], (0.1, 0.2], (0.2, 0.3], (0.3, 0.4], ..., (0.5, 0.6], (0.6, 0.7], (0.7, 0.8], (0.9, 1.0], (0.8, 0.9]]
Length: 11
Categories (10, interval[float64, right]): [(-0.001, 0.1] < (0.1, 0.2] < (0.2, 0.3] < (0.3, 0.4] ... (0.6, 0.7] < (0.7, 0.8] < (0.8, 0.9] < (0.9, 1.0]]"
7266,1,7266,50.0,0.3,1.0,1.0,10.06,12.28,0.0,-0.0,"[(0.6, 0.7], (0.5, 0.6], (0.7, 0.8], (0.4, 0.5], (-0.001, 0.1], ..., (0.2, 0.3], (0.8, 0.9], (0.3, 0.4], (0.1, 0.2], (0.9, 1.0]]
Length: 11
Categories (10, interval[float64, right]): [(-0.001, 0.1] < (0.1, 0.2] < (0.2, 0.3] < (0.3, 0.4] ... (0.6, 0.7] < (0.7, 0.8] < (0.8, 0.9] < (0.9, 1.0]]"
7307,5,7307,61.0,0.3,1.0,1.0,7.7,12.82,0.0,-0.0,"[NaN, (-0.001, 0.1], (0.6, 0.7], (0.9, 1.0], (0.8, 0.9], ..., (0.5, 0.6], (0.3, 0.4], (0.4, 0.5], (0.2, 0.3], (0.1, 0.2]]
Length: 11
Categories (10, interval[float64, right]): [(-0.001, 0.1] < (0.1, 0.2] < (0.2, 0.3] < (0.3, 0.4] ... (0.6, 0.7] < (0.7, 0.8] < (0.8, 0.9] < (0.9, 1.0]]"
7307,6,7307,63.0,0.3,2.0,1.0,7.72,12.07,0.0,-0.0,"[(0.6, 0.7], (0.7, 0.8], (0.8, 0.9], (0.5, 0.6], (0.9, 1.0], ..., NaN, (-0.001, 0.1], (0.4, 0.5], (0.3, 0.4], (0.1, 0.2]]
Length: 11
Categories (10, interval[float64, right]): [(-0.001, 0.1] < (0.1, 0.2] < (0.2, 0.3] < (0.3, 0.4] ... (0.6, 0.7] < (0.7, 0.8] < (0.8, 0.9] < (0.9, 1.0]]"
7315,2,7315,54.0,0.3,1.0,1.0,9.35,12.5,0.01,-0.01,"[NaN, (0.6, 0.7], (0.9, 1.0], (0.4, 0.5], (0.1, 0.2], ..., (0.7, 0.8], (-0.001, 0.1], (0.8, 0.9], (0.2, 0.3], (0.3, 0.4]]
Length: 11
Categories (10, interval[float64, right]): [(-0.001, 0.1] < (0.1, 0.2] < (0.2, 0.3] < (0.3, 0.4] ... (0.6, 0.7] < (0.7, 0.8] < (0.8, 0.9] < (0.9, 1.0]]"
7315,1,7315,50.0,0.3,1.0,1.0,8.77,11.74,0.01,-0.01,"[(0.7, 0.8], (0.3, 0.4], (-0.001, 0.1], NaN, (0.2, 0.3], ..., (0.9, 1.0], (0.8, 0.9], (0.4, 0.5], (0.5, 0.6], (0.1, 0.2]]
Length: 11
Categories (10, interval[float64, right]): [(-0.001, 0.1] < (0.1, 0.2] < (0.2, 0.3] < (0.3, 0.4] ... (0.6, 0.7] < (0.7, 0.8] < (0.8, 0.9] < (0.9, 1.0]]"
7315,3,7315,54.0,0.2,1.0,1.0,9.34,13.73,0.01,-0.01,"[(0.5, 0.6], (0.4, 0.5], (0.6, 0.7], (0.8, 0.9], (0.3, 0.4], ..., (-0.001, 0.1], NaN, (0.1, 0.2], (0.2, 0.3], (0.9, 1.0]]
Length: 11
Categories (10, interval[float64, right]): [(-0.001, 0.1] < (0.1, 0.2] < (0.2, 0.3] < (0.3, 0.4] ... (0.6, 0.7] < (0.7, 0.8] < (0.8, 0.9] < (0.9, 1.0]]"
7315,4,7315,54.0,0.2,1.0,1.0,9.37,13.97,0.01,-0.01,"[(-0.001, 0.1], NaN, (0.7, 0.8], (0.4, 0.5], (0.9, 1.0], ..., (0.2, 0.3], (0.3, 0.4], (0.5, 0.6], (0.8, 0.9], (0.1, 0.2]]
Length: 11
Categories (10, interval[float64, right]): [(-0.001, 0.1] < (0.1, 0.2] < (0.2, 0.3] < (0.3, 0.4] ... (0.6, 0.7] < (0.7, 0.8] < (0.8, 0.9] < (0.9, 1.0]]"
7449,NA1,7449,49.0,0.9,1.0,1.0,7.92,7.92,0.01,-0.02,"[NaN, (0.1, 0.2], (0.2, 0.3], (-0.001, 0.1], (0.3, 0.4], ..., (0.8, 0.9], (0.4, 0.5], (0.6, 0.7], (0.7, 0.8], (0.5, 0.6]]
Length: 11
Categories (10, interval[float64, right]): [(-0.001, 0.1] < (0.1, 0.2] < (0.2, 0.3] < (0.3, 0.4] ... (0.6, 0.7] < (0.7, 0.8] < (0.8, 0.9] < (0.9, 1.0]]"
7527,1,7527,59.0,0.2,1.0,1.0,8.65,12.76,0.0,-0.0,"[(0.6, 0.7], (0.7, 0.8], (0.5, 0.6], (-0.001, 0.1], NaN, ..., (0.2, 0.3], (0.4, 0.5], (0.8, 0.9], (0.9, 1.0], (0.3, 0.4]]
Length: 11
Categories (10, interval[float64, right]): [(-0.001, 0.1] < (0.1, 0.2] < (0.2, 0.3] < (0.3, 0.4] ... (0.6, 0.7] < (0.7, 0.8] < (0.8, 0.9] < (0.9, 1.0]]"
7527,2,7527,42.0,0.4,1.0,1.0,10.34,17.81,0.01,-0.01,"[NaN, (0.2, 0.3], (0.4, 0.5], (0.5, 0.6], (-0.001, 0.1], ..., (0.6, 0.7], (0.9, 1.0], (0.7, 0.8], (0.8, 0.9], (0.1, 0.2]]
Length: 11
Categories (10, interval[float64, right]): [(-0.001, 0.1] < (0.1, 0.2] < (0.2, 0.3] < (0.3, 0.4] ... (0.6, 0.7] < (0.7, 0.8] < (0.8, 0.9] < (0.9, 1.0]]"
7551,1A,7551,63.0,0.3,1.0,1.0,8.19,10.16,0.0,-0.0,"[(0.6, 0.7], (0.5, 0.6], (0.7, 0.8], (0.8, 0.9], (-0.001, 0.1], ..., (0.3, 0.4], (0.9, 1.0], (0.4, 0.5], (0.1, 0.2], (0.2, 0.3]]
Length: 11
Categories (10, interval[float64, right]): [(-0.001, 0.1] < (0.1, 0.2] < (0.2, 0.3] < (0.3, 0.4] ... (0.6, 0.7] < (0.7, 0.8] < (0.8, 0.9] < (0.9, 1.0]]"
7552,1,7552,193.0,0.5,1.0,1.0,7.1,7.54,0.0,-0.0,"[NaN, (0.3, 0.4], (0.6, 0.7], (0.8, 0.9], (0.9, 1.0], ..., (0.2, 0.3], (0.7, 0.8], (0.1, 0.2], (0.4, 0.5], (-0.001, 0.1]]
Length: 11
Categories (10, interval[float64, right]): [(-0.001, 0.1] < (0.1, 0.2] < (0.2, 0.3] < (0.3, 0.4] ... (0.6, 0.7] < (0.7, 0.8] < (0.8, 0.9] < (0.9, 1.0]]"
7551,1C,7551,50.0,0.6,1.0,1.0,8.99,9.54,0.01,-0.01,"[NaN, (-0.001, 0.1], (0.4, 0.5], (0.3, 0.4], (0.2, 0.3], ..., (0.6, 0.7], (0.7, 0.8], (0.9, 1.0], (0.5, 0.6], (0.1, 0.2]]
Length: 11
Categories (10, interval[float64, right]): [(-0.001, 0.1] < (0.1, 0.2] < (0.2, 0.3] < (0.3, 0.4] ... (0.6, 0.7] < (0.7, 0.8] < (0.8, 0.9] < (0.9, 1.0]]"
7551,1B,7551,72.0,0.4,1.0,1.0,7.12,9.14,0.0,-0.0,"[(0.6, 0.7], (0.5, 0.6], (0.7, 0.8], (0.4, 0.5], (-0.001, 0.1], ..., (0.3, 0.4], (0.8, 0.9], (0.1, 0.2], (0.2, 0.3], (0.9, 1.0]]
Length: 11
Categories (10, interval[float64, right]): [(-0.001, 0.1] < (0.1, 0.2] < (0.2, 0.3] < (0.3, 0.4] ... (0.6, 0.7] < (0.7, 0.8] < (0.8, 0.9] < (0.9, 1.0]]"
7987,1,7987,45.0,0.4,1.0,1.0,9.44,11.99,0.01,-0.01,"[NaN, (-0.001, 0.1], (0.8, 0.9], (0.7, 0.8], (0.6, 0.7], ..., (0.4, 0.5], (0.3, 0.4], (0.9, 1.0], (0.1, 0.2], (0.2, 0.3]]
Length: 11
Categories (10, interval[float64, right]): [(-0.001, 0.1] < (0.1, 0.2] < (0.2, 0.3] < (0.3, 0.4] ... (0.6, 0.7] < (0.7, 0.8] < (0.8, 0.9] < (0.9, 1.0]]"
10034,S-100,10034,119.0,0.805,1.0,1.0,8.12,8.26,0.01,-0.01,"[NaN, (0.123, 0.22], (0.318, 0.415], (0.61, 0.708], (0.805, 0.903], ..., (0.415, 0.513], (0.513, 0.61], (0.0242, 0.123], (0.708, 0.805], (0.22, 0.318]]
Length: 11
Categories (10, interval[float64, right]): [(0.0242, 0.123] < (0.123, 0.22] < (0.22, 0.318] < (0.318, 0.415] ... (0.61, 0.708] < (0.708, 0.805] < (0.805, 0.903] < (0.903, 1.0]]"
10156,GEN1,10156,49.0,0.5,1.0,1.0,9.61,10.62,0.01,-0.01,"[NaN, (0.4, 0.5], (0.3, 0.4], (0.5, 0.6], (0.7, 0.8], ..., (0.8, 0.9], (0.9, 1.0], (0.2, 0.3], (0.1, 0.2], (-0.001, 0.1]]
Length: 11
Categories (10, interval[float64, right]): [(-0.001, 0.1] < (0.1, 0.2] < (0.2, 0.3] < (0.3, 0.4] ... (0.6, 0.7] < (0.7, 0.8] < (0.8, 0.9] < (0.9, 1.0]]"
10169,D1,10169,41.0,0.5,1.0,1.0,9.79,11.59,0.01,-0.01,"[NaN, (-0.001, 0.1], (0.3, 0.4], (0.9, 1.0], (0.6, 0.7], ..., (0.2, 0.3], (0.1, 0.2], (0.5, 0.6], (0.8, 0.9], (0.7, 0.8]]
Length: 11
Categories (10, interval[float64, right]): [(-0.001, 0.1] < (0.1, 0.2] < (0.2, 0.3] < (0.3, 0.4] ... (0.6, 0.7] < (0.7, 0.8] < (0.8, 0.9] < (0.9, 1.0]]"
10294,2,55811,47.0,0.4,1.0,1.0,10.09,12.6,0.01,-0.01,"[NaN, (-0.001, 0.1], (0.5, 0.6], (0.4, 0.5], (0.9, 1.0], ..., (0.7, 0.8], (0.3, 0.4], (0.6, 0.7], (0.1, 0.2], (0.2, 0.3]]
Length: 11
Categories (10, interval[float64, right]): [(-0.001, 0.1] < (0.1, 0.2] < (0.2, 0.3] < (0.3, 0.4] ... (0.6, 0.7] < (0.7, 0.8] < (0.8, 0.9] < (0.9, 1.0]]"
10294,GTG,10294,121.0,0.7,1.0,1.0,8.14,8.58,0.01,-0.01,"[NaN, (0.1, 0.2], (0.4, 0.5], (0.7, 0.8], (-0.001, 0.1], ..., (0.5, 0.6], (0.3, 0.4], (0.9, 1.0], (0.2, 0.3], (0.6, 0.7]]
Length: 11
Categories (10, interval[float64, right]): [(-0.001, 0.1] < (0.1, 0.2] < (0.2, 0.3] < (0.3, 0.4] ... (0.6, 0.7] < (0.7, 0.8] < (0.8, 0.9] < (0.9, 1.0]]"
10349,2,10349,49.0,0.4,1.0,1.0,9.35,11.71,0.01,-0.01,"[NaN, (-0.001, 0.1], (0.8, 0.9], (0.5, 0.6], (0.4, 0.5], ..., (0.7, 0.8], (0.9, 1.0], (0.6, 0.7], (0.3, 0.4], (0.2, 0.3]]
Length: 11
Categories (10, interval[float64, right]): [(-0.001, 0.1] < (0.1, 0.2] < (0.2, 0.3] < (0.3, 0.4] ... (0.6, 0.7] < (0.7, 0.8] < (0.8, 0.9] < (0.9, 1.0]]"
10350,CTGA,10350,30.0,0.7,1.0,1.0,9.69,10.5,0.01,-0.01,"[NaN, (-0.001, 0.1], (0.9, 1.0], (0.6, 0.7], (0.2, 0.3], ..., (0.5, 0.6], (0.8, 0.9], (0.7, 0.8], (0.4, 0.5], (0.1, 0.2]]
Length: 11
Categories (10, interval[float64, right]): [(-0.001, 0.1] < (0.1, 0.2] < (0.2, 0.3] < (0.3, 0.4] ... (0.6, 0.7] < (0.7, 0.8] < (0.8, 0.9] < (0.9, 1.0]]"
10350,CTGB,10350,40.0,0.5,1.0,1.0,10.5,10.19,0.01,-0.01,"[NaN, (0.8, 0.9], (0.9, 1.0], (-0.001, 0.1], (0.1, 0.2], ..., (0.4, 0.5], (0.5, 0.6], (0.3, 0.4], (0.6, 0.7], (0.7, 0.8]]
Length: 11
Categories (10, interval[float64, right]): [(-0.001, 0.1] < (0.1, 0.2] < (0.2, 0.3] < (0.3, 0.4] ... (0.6, 0.7] < (0.7, 0.8] < (0.8, 0.9] < (0.9, 1.0]]"
10405,1,10405,25.0,0.7,1.0,1.0,14.35,11.52,0.01,-0.01,"[NaN, (-0.001, 0.1], (0.2, 0.3], (0.4, 0.5], (0.9, 1.0], ..., (0.1, 0.2], (0.6, 0.7], (0.8, 0.9], (0.5, 0.6], (0.3, 0.4]]
Length: 11
Categories (10, interval[float64, right]): [(-0.001, 0.1] < (0.1, 0.2] < (0.2, 0.3] < (0.3, 0.4] ... (0.6, 0.7] < (0.7, 0.8] < (0.8, 0.9] < (0.9, 1.0]]"
10650,GT1,10650,48.0,0.6,1.0,1.0,6.06,12.87,0.01,-0.01,"[NaN, (-0.001, 0.1], (0.1, 0.2], (0.7, 0.8], (0.3, 0.4], ..., (0.6, 0.7], (0.5, 0.6], (0.2, 0.3], (0.8, 0.9], (0.4, 0.5]]
Length: 11
Categories (10, interval[float64, right]): [(-0.001, 0.1] < (0.1, 0.2] < (0.2, 0.3] < (0.3, 0.4] ... (0.6, 0.7] < (0.7, 0.8] < (0.8, 0.9] < (0.9, 1.0]]"
10649,GT1,10649,49.0,0.6,1.0,1.0,9.02,9.75,0.01,-0.01,"[NaN, (-0.001, 0.1], (0.5, 0.6], (0.9, 1.0], (0.6, 0.7], ..., (0.8, 0.9], (0.1, 0.2], (0.3, 0.4], (0.7, 0.8], (0.2, 0.3]]
Length: 11
Categories (10, interval[float64, right]): [(-0.001, 0.1] < (0.1, 0.2] < (0.2, 0.3] < (0.3, 0.4] ... (0.6, 0.7] < (0.7, 0.8] < (0.8, 0.9] < (0.9, 1.0]]"
10776,GTG,10776,49.0,0.6,1.0,1.0,9.01,10.43,0.01,-0.01,"[NaN, (-0.001, 0.1], (0.1, 0.2], (0.5, 0.6], (0.2, 0.3], ..., (0.4, 0.5], (0.6, 0.7], (0.7, 0.8], (0.8, 0.9], (0.9, 1.0]]
Length: 11
Categories (10, interval[float64, right]): [(-0.001, 0.1] < (0.1, 0.2] < (0.2, 0.3] < (0.3, 0.4] ... (0.6, 0.7] < (0.7, 0.8] < (0.8, 0.9] < (0.9, 1.0]]"
50612,GT1,50612,48.0,0.6,1.0,1.0,9.04,9.71,0.01,-0.01,"[NaN, (0.2, 0.3], (0.7, 0.8], (-0.001, 0.1], (0.5, 0.6], ..., (0.9, 1.0], (0.6, 0.7], (0.4, 0.5], (0.3, 0.4], (0.1, 0.2]]
Length: 11
Categories (10, interval[float64, right]): [(-0.001, 0.1] < (0.1, 0.2] < (0.2, 0.3] < (0.3, 0.4] ... (0.6, 0.7] < (0.7, 0.8] < (0.8, 0.9] < (0.9, 1.0]]"
50865,1,50865,38.0,0.6,1.0,1.0,13.24,14.77,0.0,-0.0,"[(0.9, 1.0], (0.8, 0.9], (0.3, 0.4], NaN, (-0.001, 0.1], ..., (0.6, 0.7], (0.1, 0.2], (0.2, 0.3], (0.4, 0.5], (0.5, 0.6]]
Length: 11
Categories (10, interval[float64, right]): [(-0.001, 0.1] < (0.1, 0.2] < (0.2, 0.3] < (0.3, 0.4] ... (0.6, 0.7] < (0.7, 0.8] < (0.8, 0.9] < (0.9, 1.0]]"
54238,BIOMS1,54238,54.0,0.4,1.0,1.0,13.9,15.87,0.0,-0.0,"[(0.9, 1.0], (0.8, 0.9], (0.6, 0.7], NaN, (-0.001, 0.1], ..., (0.5, 0.6], (0.2, 0.3], (0.4, 0.5], (0.3, 0.4], (0.1, 0.2]]
Length: 11
Categories (10, interval[float64, right]): [(-0.001, 0.1] < (0.1, 0.2] < (0.2, 0.3] < (0.3, 0.4] ... (0.6, 0.7] < (0.7, 0.8] < (0.8, 0.9] < (0.9, 1.0]]"
54749,1,54749,53.0,0.706,1.0,2.0,8.65,8.74,0.01,-0.01,"[NaN, (0.117, 0.215], (0.804, 0.902], (0.902, 1.0], (0.608, 0.706], ..., (0.706, 0.804], (0.509, 0.608], (0.0179, 0.117], (0.313, 0.411], (0.215, 0.313]]
Length: 11
Categories (10, interval[float64, right]): [(0.0179, 0.117] < (0.117, 0.215] < (0.215, 0.313] < (0.313, 0.411] ... (0.608, 0.706] < (0.706, 0.804] < (0.804, 0.902] < (0.902, 1.0]]"
54768,GT1,54768,48.0,0.7,1.0,1.0,8.72,9.5,0.01,-0.01,"[(0.9, 1.0], (0.8, 0.9], (0.2, 0.3], NaN, (-0.001, 0.1], ..., (0.7, 0.8], (0.1, 0.2], (0.4, 0.5], (0.3, 0.4], (0.6, 0.7]]
Length: 11
Categories (10, interval[float64, right]): [(-0.001, 0.1] < (0.1, 0.2] < (0.2, 0.3] < (0.3, 0.4] ... (0.6, 0.7] < (0.7, 0.8] < (0.8, 0.9] < (0.9, 1.0]]"
55112,CT01,55112,296.0,0.615,1.0,1.0,6.63,6.85,0.0,-0.0,"[(0.711, 0.807], (0.615, 0.711], (0.807, 0.904], (0.904, 1.0], NaN, ..., (0.326, 0.422], (0.519, 0.615], (0.23, 0.326], (0.422, 0.519], (0.133, 0.23]]
Length: 11
Categories (10, interval[float64, right]): [(0.0362, 0.133] < (0.133, 0.23] < (0.23, 0.326] < (0.326, 0.422] ... (0.615, 0.711] < (0.711, 0.807] < (0.807, 0.904] < (0.904, 1.0]]"
55112,CT02,55112,296.0,0.42,1.0,1.0,6.55,7.68,0.01,-0.0,"[NaN, (0.0328, 0.13], (0.324, 0.42], (0.807, 0.903], (0.903, 1.0], ..., (0.42, 0.517], (0.614, 0.71], (0.517, 0.614], (0.227, 0.324], (0.13, 0.227]]
Length: 11
Categories (10, interval[float64, right]): [(0.0328, 0.13] < (0.13, 0.227] < (0.227, 0.324] < (0.324, 0.42] ... (0.614, 0.71] < (0.71, 0.807] < (0.807, 0.903] < (0.903, 1.0]]"
55151,CTG-1,55151,270.0,0.1,1.0,1.0,7.0,14.63,0.01,-0.01,"[NaN, (-0.001, 0.1], (0.1, 0.2], (0.2, 0.3], (0.3, 0.4], ..., (0.8, 0.9], (0.9, 1.0], (0.7, 0.8], (0.4, 0.5], (0.6, 0.7]]
Length: 11
Categories (10, interval[float64, right]): [(-0.001, 0.1] < (0.1, 0.2] < (0.2, 0.3] < (0.3, 0.4] ... (0.6, 0.7] < (0.7, 0.8] < (0.8, 0.9] < (0.9, 1.0]]"
55151,CTG-4,55151,270.0,0.2,1.0,1.0,7.0,9.73,0.01,-0.01,"[NaN, (-0.001, 0.1], (0.2, 0.3], (0.5, 0.6], (0.9, 1.0], ..., (0.3, 0.4], (0.6, 0.7], (0.8, 0.9], (0.1, 0.2], (0.4, 0.5]]
Length: 11
Categories (10, interval[float64, right]): [(-0.001, 0.1] < (0.1, 0.2] < (0.2, 0.3] < (0.3, 0.4] ... (0.6, 0.7] < (0.7, 0.8] < (0.8, 0.9] < (0.9, 1.0]]"
55151,CTG-3,55151,271.0,0.2,1.0,1.0,6.95,9.54,0.01,-0.01,"[(0.2, 0.3], (0.3, 0.4], (0.5, 0.6], NaN, (-0.001, 0.1], ..., (0.9, 1.0], (0.8, 0.9], (0.7, 0.8], (0.4, 0.5], (0.6, 0.7]]
Length: 11
Categories (10, interval[float64, right]): [(-0.001, 0.1] < (0.1, 0.2] < (0.2, 0.3] < (0.3, 0.4] ... (0.6, 0.7] < (0.7, 0.8] < (0.8, 0.9] < (0.9, 1.0]]"
55151,CTG-2,55151,265.0,0.2,1.0,1.0,7.05,9.64,0.01,-0.01,"[NaN, (-0.001, 0.1], (0.1, 0.2], (0.2, 0.3], (0.3, 0.4], ..., (0.5, 0.6], (0.6, 0.7], (0.9, 1.0], (0.8, 0.9], (0.7, 0.8]]
Length: 11
Categories (10, interval[float64, right]): [(-0.001, 0.1] < (0.1, 0.2] < (0.2, 0.3] < (0.3, 0.4] ... (0.6, 0.7] < (0.7, 0.8] < (0.8, 0.9] < (0.9, 1.0]]"
55182,CTG1,55182,307.0,0.5,1.0,1.0,6.91,7.07,0.01,-0.01,"[(0.7, 0.8], (0.8, 0.9], (0.3, 0.4], NaN, (0.5, 0.6], ..., (0.9, 1.0], (0.6, 0.7], (-0.001, 0.1], (0.2, 0.3], (0.1, 0.2]]
Length: 11
Categories (10, interval[float64, right]): [(-0.001, 0.1] < (0.1, 0.2] < (0.2, 0.3] < (0.3, 0.4] ... (0.6, 0.7] < (0.7, 0.8] < (0.8, 0.9] < (0.9, 1.0]]"
55182,CTG2,55182,312.0,0.4,1.0,1.0,6.81,7.33,0.01,-0.01,"[(0.7, 0.8], (0.4, 0.5], NaN, (0.3, 0.4], (0.8, 0.9], ..., (0.2, 0.3], (0.6, 0.7], (0.1, 0.2], (0.5, 0.6], (-0.001, 0.1]]
Length: 11
Categories (10, interval[float64, right]): [(-0.001, 0.1] < (0.1, 0.2] < (0.2, 0.3] < (0.3, 0.4] ... (0.6, 0.7] < (0.7, 0.8] < (0.8, 0.9] < (0.9, 1.0]]"
55217,X724,55217,317.0,0.505,2.0,1.0,6.84,7.1,0.0,-0.0,"[NaN, (0.00847, 0.109], (0.109, 0.208], (0.406, 0.505], (0.802, 0.901], ..., (0.604, 0.703], (0.505, 0.604], (0.901, 1.0], (0.307, 0.406], (0.208, 0.307]]
Length: 11
Categories (10, interval[float64, right]): [(0.00847, 0.109] < (0.109, 0.208] < (0.208, 0.307] < (0.307, 0.406] ... (0.604, 0.703] < (0.703, 0.802] < (0.802, 0.901] < (0.901, 1.0]]"
55217,X725,55217,317.0,0.5,1.0,1.0,6.8,7.1,0.0,-0.0,"[(0.8, 0.9], (0.9, 1.0], (0.6, 0.7], (0.7, 0.8], (0.5, 0.6], ..., (0.1, 0.2], (0.4, 0.5], (0.3, 0.4], (-0.001, 0.1], (0.2, 0.3]]
Length: 11
Categories (10, interval[float64, right]): [(-0.001, 0.1] < (0.1, 0.2] < (0.2, 0.3] < (0.3, 0.4] ... (0.6, 0.7] < (0.7, 0.8] < (0.8, 0.9] < (0.9, 1.0]]"
55295,2,55295,260.0,0.2,1.0,1.0,7.32,13.99,0.0,-0.0,"[(0.3, 0.4], (0.2, 0.3], NaN, (-0.001, 0.1], (0.4, 0.5], ..., (0.6, 0.7], (0.1, 0.2], (0.7, 0.8], (0.9, 1.0], (0.8, 0.9]]
Length: 11
Categories (10, interval[float64, right]): [(-0.001, 0.1] < (0.1, 0.2] < (0.2, 0.3] < (0.3, 0.4] ... (0.6, 0.7] < (0.7, 0.8] < (0.8, 0.9] < (0.9, 1.0]]"
55295,1,55295,258.0,0.2,1.0,1.0,7.34,13.73,0.0,-0.0,"[NaN, (-0.001, 0.1], (0.1, 0.2], (0.3, 0.4], (0.4, 0.5], ..., (0.5, 0.6], (0.2, 0.3], (0.7, 0.8], (0.8, 0.9], (0.9, 1.0]]
Length: 11
Categories (10, interval[float64, right]): [(-0.001, 0.1] < (0.1, 0.2] < (0.2, 0.3] < (0.3, 0.4] ... (0.6, 0.7] < (0.7, 0.8] < (0.8, 0.9] < (0.9, 1.0]]"
55333,1,55333,308.0,0.6,1.0,2.0,6.86,7.0,0.0,-0.0,"[(0.8, 0.9], (0.6, 0.7], NaN, (0.1, 0.2], (0.3, 0.4], ..., (0.9, 1.0], (0.2, 0.3], (0.5, 0.6], (-0.001, 0.1], (0.4, 0.5]]
Length: 11
Categories (10, interval[float64, right]): [(-0.001, 0.1] < (0.1, 0.2] < (0.2, 0.3] < (0.3, 0.4] ... (0.6, 0.7] < (0.7, 0.8] < (0.8, 0.9] < (0.9, 1.0]]"
55333,2,55333,297.0,0.6,1.0,1.0,6.85,6.94,0.0,-0.0,"[(0.8, 0.9], (0.6, 0.7], (0.7, 0.8], NaN, (0.1, 0.2], ..., (0.2, 0.3], (0.9, 1.0], (0.5, 0.6], (-0.001, 0.1], (0.3, 0.4]]
Length: 11
Categories (10, interval[float64, right]): [(-0.001, 0.1] < (0.1, 0.2] < (0.2, 0.3] < (0.3, 0.4] ... (0.6, 0.7] < (0.7, 0.8] < (0.8, 0.9] < (0.9, 1.0]]"
55333,3,55333,296.0,0.6,1.0,1.0,6.97,7.05,0.0,-0.0,"[NaN, (0.8, 0.9], (0.6, 0.7], (0.3, 0.4], (-0.001, 0.1], ..., (0.4, 0.5], (0.7, 0.8], (0.1, 0.2], (0.9, 1.0], (0.5, 0.6]]
Length: 11
Categories (10, interval[float64, right]): [(-0.001, 0.1] < (0.1, 0.2] < (0.2, 0.3] < (0.3, 0.4] ... (0.6, 0.7] < (0.7, 0.8] < (0.8, 0.9] < (0.9, 1.0]]"
55345,CTG-1,55345,307.0,0.4,2.0,1.0,7.0,7.5,0.01,-0.01,"[NaN, (0.3, 0.4], (0.7, 0.8], (0.8, 0.9], (-0.001, 0.1], ..., (0.5, 0.6], (0.1, 0.2], (0.4, 0.5], (0.6, 0.7], (0.9, 1.0]]
Length: 11
Categories (10, interval[float64, right]): [(-0.001, 0.1] < (0.1, 0.2] < (0.2, 0.3] < (0.3, 0.4] ... (0.6, 0.7] < (0.7, 0.8] < (0.8, 0.9] < (0.9, 1.0]]"
55345,CTG-2,55345,315.0,0.1,1.0,1.0,6.96,12.27,0.0,-0.01,"[NaN, (0.1, 0.2], (0.7, 0.8], (0.8, 0.9], (0.3, 0.4], ..., (0.5, 0.6], (0.4, 0.5], (0.2, 0.3], (-0.001, 0.1], (0.9, 1.0]]
Length: 11
Categories (10, interval[float64, right]): [(-0.001, 0.1] < (0.1, 0.2] < (0.2, 0.3] < (0.3, 0.4] ... (0.6, 0.7] < (0.7, 0.8] < (0.8, 0.9] < (0.9, 1.0]]"
55393,1,55393,302.0,0.6,1.0,1.0,7.01,7.19,0.01,-0.0,"[NaN, (-0.001, 0.1], (0.3, 0.4], (0.7, 0.8], (0.8, 0.9], ..., (0.2, 0.3], (0.6, 0.7], (0.1, 0.2], (0.9, 1.0], (0.4, 0.5]]
Length: 11
Categories (10, interval[float64, right]): [(-0.001, 0.1] < (0.1, 0.2] < (0.2, 0.3] < (0.3, 0.4] ... (0.6, 0.7] < (0.7, 0.8] < (0.8, 0.9] < (0.9, 1.0]]"
55400,CTG-1,55400,288.0,0.6,1.0,1.0,6.14,6.45,0.0,-0.0,"[(0.8, 0.9], (0.7, 0.8], (0.9, 1.0], (0.2, 0.3], NaN, ..., (0.4, 0.5], (0.6, 0.7], (0.3, 0.4], (-0.001, 0.1], (0.5, 0.6]]
Length: 11
Categories (10, interval[float64, right]): [(-0.001, 0.1] < (0.1, 0.2] < (0.2, 0.3] < (0.3, 0.4] ... (0.6, 0.7] < (0.7, 0.8] < (0.8, 0.9] < (0.9, 1.0]]"
55400,CTG-2,55400,285.0,0.7,1.0,1.0,6.2,6.72,0.0,-0.0,"[(0.8, 0.9], (0.7, 0.8], (0.9, 1.0], (0.3, 0.4], NaN, ..., (0.2, 0.3], (-0.001, 0.1], (0.6, 0.7], (0.4, 0.5], (0.5, 0.6]]
Length: 11
Categories (10, interval[float64, right]): [(-0.001, 0.1] < (0.1, 0.2] < (0.2, 0.3] < (0.3, 0.4] ... (0.6, 0.7] < (0.7, 0.8] < (0.8, 0.9] < (0.9, 1.0]]"
55393,2,55393,335.0,0.5,1.0,1.0,6.17,7.24,0.0,-0.0,"[(0.7, 0.8], (0.5, 0.6], (0.6, 0.7], (-0.001, 0.1], NaN, ..., (0.1, 0.2], (0.2, 0.3], (0.4, 0.5], (0.8, 0.9], (0.9, 1.0]]
Length: 11
Categories (10, interval[float64, right]): [(-0.001, 0.1] < (0.1, 0.2] < (0.2, 0.3] < (0.3, 0.4] ... (0.6, 0.7] < (0.7, 0.8] < (0.8, 0.9] < (0.9, 1.0]]"
55499,GT-1,55499,51.0,0.8,1.0,1.0,10.33,10.4,0.01,-0.01,"[NaN, (0.8, 0.9], (0.6, 0.7], (0.7, 0.8], (0.9, 1.0], ..., (0.1, 0.2], (0.3, 0.4], (-0.001, 0.1], (0.2, 0.3], (0.4, 0.5]]
Length: 11
Categories (10, interval[float64, right]): [(-0.001, 0.1] < (0.1, 0.2] < (0.2, 0.3] < (0.3, 0.4] ... (0.6, 0.7] < (0.7, 0.8] < (0.8, 0.9] < (0.9, 1.0]]"
55510,GT-1,55510,50.0,0.4,1.0,1.0,10.35,10.89,0.01,-0.01,"[NaN, (0.7, 0.8], (0.8, 0.9], (0.6, 0.7], (0.3, 0.4], ..., (-0.001, 0.1], (0.1, 0.2], (0.4, 0.5], (0.9, 1.0], (0.2, 0.3]]
Length: 11
Categories (10, interval[float64, right]): [(-0.001, 0.1] < (0.1, 0.2] < (0.2, 0.3] < (0.3, 0.4] ... (0.6, 0.7] < (0.7, 0.8] < (0.8, 0.9] < (0.9, 1.0]]"
55512,GT-1,55512,45.0,0.4,1.0,1.0,10.77,11.43,0.01,-0.01,"[NaN, (0.4, 0.5], (0.5, 0.6], (-0.001, 0.1], (0.3, 0.4], ..., (0.1, 0.2], (0.9, 1.0], (0.6, 0.7], (0.7, 0.8], (0.2, 0.3]]
Length: 11
Categories (10, interval[float64, right]): [(-0.001, 0.1] < (0.1, 0.2] < (0.2, 0.3] < (0.3, 0.4] ... (0.6, 0.7] < (0.7, 0.8] < (0.8, 0.9] < (0.9, 1.0]]"
55513,GT-1,55513,49.0,0.8,1.0,1.0,10.36,10.51,0.01,-0.01,"[NaN, (0.7, 0.8], (0.9, 1.0], (0.6, 0.7], (0.8, 0.9], ..., (0.2, 0.3], (0.5, 0.6], (-0.001, 0.1], (0.3, 0.4], (0.4, 0.5]]
Length: 11
Categories (10, interval[float64, right]): [(-0.001, 0.1] < (0.1, 0.2] < (0.2, 0.3] < (0.3, 0.4] ... (0.6, 0.7] < (0.7, 0.8] < (0.8, 0.9] < (0.9, 1.0]]"
55508,GT-1,55508,52.0,0.4,1.0,1.0,10.34,11.16,0.01,-0.01,"[NaN, (0.4, 0.5], (0.7, 0.8], (0.8, 0.9], (0.3, 0.4], ..., (0.2, 0.3], (0.1, 0.2], (0.6, 0.7], (0.9, 1.0], (0.5, 0.6]]
Length: 11
Categories (10, interval[float64, right]): [(-0.001, 0.1] < (0.1, 0.2] < (0.2, 0.3] < (0.3, 0.4] ... (0.6, 0.7] < (0.7, 0.8] < (0.8, 0.9] < (0.9, 1.0]]"
55518,CTG1,55518,312.0,0.5,1.0,2.0,6.97,7.39,0.01,-0.0,"[NaN, (-0.001, 0.1], (0.2, 0.3], (0.8, 0.9], (0.7, 0.8], ..., (0.5, 0.6], (0.3, 0.4], (0.1, 0.2], (0.4, 0.5], (0.9, 1.0]]
Length: 11
Categories (10, interval[float64, right]): [(-0.001, 0.1] < (0.1, 0.2] < (0.2, 0.3] < (0.3, 0.4] ... (0.6, 0.7] < (0.7, 0.8] < (0.8, 0.9] < (0.9, 1.0]]"
55518,CTG2,55518,308.0,0.5,1.0,1.0,6.93,7.41,0.01,-0.0,"[NaN, (-0.001, 0.1], (0.3, 0.4], (0.8, 0.9], (0.7, 0.8], ..., (0.6, 0.7], (0.1, 0.2], (0.4, 0.5], (0.2, 0.3], (0.9, 1.0]]
Length: 11
Categories (10, interval[float64, right]): [(-0.001, 0.1] < (0.1, 0.2] < (0.2, 0.3] < (0.3, 0.4] ... (0.6, 0.7] < (0.7, 0.8] < (0.8, 0.9] < (0.9, 1.0]]"
55518,CTG3,55518,311.0,0.5,1.0,1.0,6.97,7.42,0.01,-0.0,"[NaN, (-0.001, 0.1], (0.2, 0.3], (0.4, 0.5], (0.8, 0.9], ..., (0.5, 0.6], (0.6, 0.7], (0.3, 0.4], (0.1, 0.2], (0.9, 1.0]]
Length: 11
Categories (10, interval[float64, right]): [(-0.001, 0.1] < (0.1, 0.2] < (0.2, 0.3] < (0.3, 0.4] ... (0.6, 0.7] < (0.7, 0.8] < (0.8, 0.9] < (0.9, 1.0]]"
55538,CTG1,55538,50.0,0.8,1.0,1.0,9.56,9.78,0.01,-0.02,"[NaN, (0.5, 0.6], (0.4, 0.5], (0.8, 0.9], (0.9, 1.0], ..., (0.1, 0.2], (0.6, 0.7], (0.7, 0.8], (-0.001, 0.1], (0.2, 0.3]]
Length: 11
Categories (10, interval[float64, right]): [(-0.001, 0.1] < (0.1, 0.2] < (0.2, 0.3] < (0.3, 0.4] ... (0.6, 0.7] < (0.7, 0.8] < (0.8, 0.9] < (0.9, 1.0]]"
55540,1A,55540,20.0,0.7,1.0,1.0,15.44,16.7,0.01,-0.01,"[NaN, (0.3, 0.4], (0.7, 0.8], (0.1, 0.2], (0.4, 0.5], ..., (0.8, 0.9], (0.2, 0.3], (0.5, 0.6], (-0.001, 0.1], (0.9, 1.0]]
Length: 11
Categories (10, interval[float64, right]): [(-0.001, 0.1] < (0.1, 0.2] < (0.2, 0.3] < (0.3, 0.4] ... (0.6, 0.7] < (0.7, 0.8] < (0.8, 0.9] < (0.9, 1.0]]"
55540,1B,55540,20.0,0.7,1.0,1.0,15.39,16.63,0.01,-0.01,"[NaN, (0.3, 0.4], (0.7, 0.8], (0.2, 0.3], (0.4, 0.5], ..., (0.5, 0.6], (0.6, 0.7], (-0.001, 0.1], (0.9, 1.0], (0.1, 0.2]]
Length: 11
Categories (10, interval[float64, right]): [(-0.001, 0.1] < (0.1, 0.2] < (0.2, 0.3] < (0.3, 0.4] ... (0.6, 0.7] < (0.7, 0.8] < (0.8, 0.9] < (0.9, 1.0]]"
55541,1,55541,46.0,0.8,1.0,1.0,10.01,10.3,0.01,-0.01,"[NaN, (-0.001, 0.1], (0.4, 0.5], (0.6, 0.7], (0.7, 0.8], ..., (0.3, 0.4], (0.1, 0.2], (0.8, 0.9], (0.2, 0.3], (0.9, 1.0]]
Length: 11
Categories (10, interval[float64, right]): [(-0.001, 0.1] < (0.1, 0.2] < (0.2, 0.3] < (0.3, 0.4] ... (0.6, 0.7] < (0.7, 0.8] < (0.8, 0.9] < (0.9, 1.0]]"
55541,2,55541,46.0,0.8,1.0,1.0,9.91,10.19,0.01,-0.01,"[NaN, (0.5, 0.6], (0.7, 0.8], (0.8, 0.9], (-0.001, 0.1], ..., (0.1, 0.2], (0.9, 1.0], (0.4, 0.5], (0.2, 0.3], (0.3, 0.4]]
Length: 11
Categories (10, interval[float64, right]): [(-0.001, 0.1] < (0.1, 0.2] < (0.2, 0.3] < (0.3, 0.4] ... (0.6, 0.7] < (0.7, 0.8] < (0.8, 0.9] < (0.9, 1.0]]"
55541,3,55541,47.0,0.8,1.0,1.0,10.11,10.05,0.01,-0.01,"[NaN, (0.5, 0.6], (0.6, 0.7], (0.8, 0.9], (0.7, 0.8], ..., (-0.001, 0.1], (0.1, 0.2], (0.3, 0.4], (0.9, 1.0], (0.2, 0.3]]
Length: 11
Categories (10, interval[float64, right]): [(-0.001, 0.1] < (0.1, 0.2] < (0.2, 0.3] < (0.3, 0.4] ... (0.6, 0.7] < (0.7, 0.8] < (0.8, 0.9] < (0.9, 1.0]]"
55542,2,55542,50.0,0.8,1.0,1.0,9.76,10.03,0.01,-0.01,"[NaN, (-0.001, 0.1], (0.5, 0.6], (0.1, 0.2], (0.8, 0.9], ..., (0.2, 0.3], (0.6, 0.7], (0.7, 0.8], (0.3, 0.4], (0.4, 0.5]]
Length: 11
Categories (10, interval[float64, right]): [(-0.001, 0.1] < (0.1, 0.2] < (0.2, 0.3] < (0.3, 0.4] ... (0.6, 0.7] < (0.7, 0.8] < (0.8, 0.9] < (0.9, 1.0]]"
55542,1,55542,50.0,0.7,1.0,1.0,9.81,10.37,0.01,-0.01,"[NaN, (-0.001, 0.1], (0.6, 0.7], (0.5, 0.6], (0.8, 0.9], ..., (0.3, 0.4], (0.4, 0.5], (0.1, 0.2], (0.2, 0.3], (0.7, 0.8]]
Length: 11
Categories (10, interval[float64, right]): [(-0.001, 0.1] < (0.1, 0.2] < (0.2, 0.3] < (0.3, 0.4] ... (0.6, 0.7] < (0.7, 0.8] < (0.8, 0.9] < (0.9, 1.0]]"
55625,UNIT1,55625,50.0,0.9,1.0,1.0,9.86,9.86,0.01,-0.01,"[NaN, (0.5, 0.6], (0.3, 0.4], (0.4, 0.5], (0.6, 0.7], ..., (0.7, 0.8], (0.9, 1.0], (-0.001, 0.1], (0.1, 0.2], (0.8, 0.9]]
Length: 11
Categories (10, interval[float64, right]): [(-0.001, 0.1] < (0.1, 0.2] < (0.2, 0.3] < (0.3, 0.4] ... (0.6, 0.7] < (0.7, 0.8] < (0.8, 0.9] < (0.9, 1.0]]"
55626,UNIT1,55626,48.0,0.9,1.0,1.0,9.86,9.86,0.01,-0.02,"[NaN, (0.4, 0.5], (0.7, 0.8], (0.3, 0.4], (0.1, 0.2], ..., (0.6, 0.7], (0.8, 0.9], (0.9, 1.0], (-0.001, 0.1], (0.2, 0.3]]
Length: 11
Categories (10, interval[float64, right]): [(-0.001, 0.1] < (0.1, 0.2] < (0.2, 0.3] < (0.3, 0.4] ... (0.6, 0.7] < (0.7, 0.8] < (0.8, 0.9] < (0.9, 1.0]]"
55627,UNIT1,55627,49.0,0.9,1.0,1.0,9.93,9.93,0.01,-0.01,"[NaN, (0.4, 0.5], (0.8, 0.9], (0.3, 0.4], (0.1, 0.2], ..., (0.5, 0.6], (0.6, 0.7], (0.9, 1.0], (0.7, 0.8], (0.2, 0.3]]
Length: 11
Categories (10, interval[float64, right]): [(-0.001, 0.1] < (0.1, 0.2] < (0.2, 0.3] < (0.3, 0.4] ... (0.6, 0.7] < (0.7, 0.8] < (0.8, 0.9] < (0.9, 1.0]]"
55656,CT001,55656,238.0,0.4,1.0,1.0,8.63,10.76,0.01,-0.01,"[(0.9, 1.0], (0.8, 0.9], (0.6, 0.7], (-0.001, 0.1], NaN, ..., (0.7, 0.8], (0.5, 0.6], (0.4, 0.5], (0.3, 0.4], (0.2, 0.3]]
Length: 11
Categories (10, interval[float64, right]): [(-0.001, 0.1] < (0.1, 0.2] < (0.2, 0.3] < (0.3, 0.4] ... (0.6, 0.7] < (0.7, 0.8] < (0.8, 0.9] < (0.9, 1.0]]"
55656,CT002,55656,251.0,0.4,1.0,1.0,8.53,10.45,0.01,-0.01,"[(0.8, 0.9], (0.9, 1.0], (0.7, 0.8], (0.5, 0.6], (-0.001, 0.1], ..., (0.1, 0.2], (0.4, 0.5], (0.6, 0.7], (0.3, 0.4], (0.2, 0.3]]
Length: 11
Categories (10, interval[float64, right]): [(-0.001, 0.1] < (0.1, 0.2] < (0.2, 0.3] < (0.3, 0.4] ... (0.6, 0.7] < (0.7, 0.8] < (0.8, 0.9] < (0.9, 1.0]]"
55656,CT004,55656,270.0,0.2,1.0,1.0,7.35,12.48,0.01,-0.01,"[(0.9, 1.0], (0.7, 0.8], (0.4, 0.5], NaN, (0.1, 0.2], ..., (0.8, 0.9], (0.5, 0.6], (0.2, 0.3], (0.6, 0.7], (0.3, 0.4]]
Length: 11
Categories (10, interval[float64, right]): [(-0.001, 0.1] < (0.1, 0.2] < (0.2, 0.3] < (0.3, 0.4] ... (0.6, 0.7] < (0.7, 0.8] < (0.8, 0.9] < (0.9, 1.0]]"
55698,HEP1,55698,50.0,0.8,1.0,1.0,8.95,9.18,0.01,-0.01,"[NaN, (0.3, 0.4], (0.5, 0.6], (0.7, 0.8], (0.4, 0.5], ..., (0.9, 1.0], (-0.001, 0.1], (0.6, 0.7], (0.8, 0.9], (0.1, 0.2]]
Length: 11
Categories (10, interval[float64, right]): [(-0.001, 0.1] < (0.1, 0.2] < (0.2, 0.3] < (0.3, 0.4] ... (0.6, 0.7] < (0.7, 0.8] < (0.8, 0.9] < (0.9, 1.0]]"
55698,HEP2,55698,50.0,0.8,1.0,1.0,9.25,9.35,0.01,-0.01,"[NaN, (0.4, 0.5], (0.9, 1.0], (0.8, 0.9], (0.3, 0.4], ..., (0.7, 0.8], (0.6, 0.7], (-0.001, 0.1], (0.5, 0.6], (0.1, 0.2]]
Length: 11
Categories (10, interval[float64, right]): [(-0.001, 0.1] < (0.1, 0.2] < (0.2, 0.3] < (0.3, 0.4] ... (0.6, 0.7] < (0.7, 0.8] < (0.8, 0.9] < (0.9, 1.0]]"
55748,CTG4,55748,78.0,0.3,1.0,1.0,7.97,11.06,0.01,-0.01,"[NaN, (0.3, 0.4], (0.4, 0.5], (0.5, 0.6], (0.1, 0.2], ..., (-0.001, 0.1], (0.7, 0.8], (0.6, 0.7], (0.8, 0.9], (0.9, 1.0]]
Length: 11
Categories (10, interval[float64, right]): [(-0.001, 0.1] < (0.1, 0.2] < (0.2, 0.3] < (0.3, 0.4] ... (0.6, 0.7] < (0.7, 0.8] < (0.8, 0.9] < (0.9, 1.0]]"
55748,CTG2,55748,77.0,0.4,1.0,1.0,7.92,8.84,0.01,-0.01,"[NaN, (0.1, 0.2], (0.5, 0.6], (0.3, 0.4], (0.4, 0.5], ..., (0.6, 0.7], (0.8, 0.9], (0.9, 1.0], (0.7, 0.8], (-0.001, 0.1]]
Length: 11
Categories (10, interval[float64, right]): [(-0.001, 0.1] < (0.1, 0.2] < (0.2, 0.3] < (0.3, 0.4] ... (0.6, 0.7] < (0.7, 0.8] < (0.8, 0.9] < (0.9, 1.0]]"
55748,CTG1,55748,80.0,0.3,1.0,1.0,7.92,10.72,0.01,-0.01,"[NaN, (0.1, 0.2], (0.3, 0.4], (0.4, 0.5], (0.7, 0.8], ..., (-0.001, 0.1], (0.6, 0.7], (0.8, 0.9], (0.9, 1.0], (0.2, 0.3]]
Length: 11
Categories (10, interval[float64, right]): [(-0.001, 0.1] < (0.1, 0.2] < (0.2, 0.3] < (0.3, 0.4] ... (0.6, 0.7] < (0.7, 0.8] < (0.8, 0.9] < (0.9, 1.0]]"
55807,HPP2,55807,50.0,0.8,1.0,1.0,9.19,9.3,0.01,-0.01,"[NaN, (0.3, 0.4], (0.4, 0.5], (0.9, 1.0], (0.8, 0.9], ..., (0.7, 0.8], (0.6, 0.7], (0.5, 0.6], (0.1, 0.2], (0.2, 0.3]]
Length: 11
Categories (10, interval[float64, right]): [(-0.001, 0.1] < (0.1, 0.2] < (0.2, 0.3] < (0.3, 0.4] ... (0.6, 0.7] < (0.7, 0.8] < (0.8, 0.9] < (0.9, 1.0]]"
55748,CTG3,55748,80.0,0.4,1.0,1.0,7.97,9.18,0.01,-0.01,"[NaN, (-0.001, 0.1], (0.4, 0.5], (0.2, 0.3], (0.5, 0.6], ..., (0.6, 0.7], (0.7, 0.8], (0.1, 0.2], (0.8, 0.9], (0.9, 1.0]]
Length: 11
Categories (10, interval[float64, right]): [(-0.001, 0.1] < (0.1, 0.2] < (0.2, 0.3] < (0.3, 0.4] ... (0.6, 0.7] < (0.7, 0.8] < (0.8, 0.9] < (0.9, 1.0]]"
55807,HPP1,55807,50.0,0.4,1.0,1.0,9.24,11.09,0.01,-0.01,"[NaN, (0.3, 0.4], (0.4, 0.5], (0.8, 0.9], (0.9, 1.0], ..., (0.6, 0.7], (0.7, 0.8], (0.5, 0.6], (0.1, 0.2], (0.2, 0.3]]
Length: 11
Categories (10, interval[float64, right]): [(-0.001, 0.1] < (0.1, 0.2] < (0.2, 0.3] < (0.3, 0.4] ... (0.6, 0.7] < (0.7, 0.8] < (0.8, 0.9] < (0.9, 1.0]]"
55810,S-3,55810,49.0,0.9,1.0,1.0,8.4,8.4,0.01,-0.01,"[NaN, (0.4, 0.5], (0.3, 0.4], (0.1, 0.2], (-0.001, 0.1], ..., (0.9, 1.0], (0.2, 0.3], (0.7, 0.8], (0.5, 0.6], (0.6, 0.7]]
Length: 11
Categories (10, interval[float64, right]): [(-0.001, 0.1] < (0.1, 0.2] < (0.2, 0.3] < (0.3, 0.4] ... (0.6, 0.7] < (0.7, 0.8] < (0.8, 0.9] < (0.9, 1.0]]"
55810,S-4,55810,48.0,0.9,1.0,1.0,9.71,9.71,0.01,-0.02,"[NaN, (0.4, 0.5], (0.6, 0.7], (0.3, 0.4], (0.1, 0.2], ..., (0.8, 0.9], (0.9, 1.0], (0.2, 0.3], (-0.001, 0.1], (0.7, 0.8]]
Length: 11
Categories (10, interval[float64, right]): [(-0.001, 0.1] < (0.1, 0.2] < (0.2, 0.3] < (0.3, 0.4] ... (0.6, 0.7] < (0.7, 0.8] < (0.8, 0.9] < (0.9, 1.0]]"
55810,S-5,55810,49.0,0.9,1.0,1.0,9.35,9.35,0.01,-0.01,"[NaN, (0.4, 0.5], (0.3, 0.4], (0.1, 0.2], (-0.001, 0.1], ..., (0.5, 0.6], (0.7, 0.8], (0.6, 0.7], (0.9, 1.0], (0.8, 0.9]]
Length: 11
Categories (10, interval[float64, right]): [(-0.001, 0.1] < (0.1, 0.2] < (0.2, 0.3] < (0.3, 0.4] ... (0.6, 0.7] < (0.7, 0.8] < (0.8, 0.9] < (0.9, 1.0]]"
55847,UNIT1,55847,49.0,0.4,1.0,1.0,10.01,12.59,0.01,-0.01,"[NaN, (-0.001, 0.1], (0.7, 0.8], (0.3, 0.4], (0.8, 0.9], ..., (0.4, 0.5], (0.2, 0.3], (0.5, 0.6], (0.1, 0.2], (0.9, 1.0]]
Length: 11
Categories (10, interval[float64, right]): [(-0.001, 0.1] < (0.1, 0.2] < (0.2, 0.3] < (0.3, 0.4] ... (0.6, 0.7] < (0.7, 0.8] < (0.8, 0.9] < (0.9, 1.0]]"
55855,UNIT1,55855,50.0,0.8,1.0,1.0,9.97,10.11,0.01,-0.01,"[NaN, (0.5, 0.6], (0.9, 1.0], (0.6, 0.7], (0.3, 0.4], ..., (-0.001, 0.1], (0.7, 0.8], (0.2, 0.3], (0.8, 0.9], (0.1, 0.2]]
Length: 11
Categories (10, interval[float64, right]): [(-0.001, 0.1] < (0.1, 0.2] < (0.2, 0.3] < (0.3, 0.4] ... (0.6, 0.7] < (0.7, 0.8] < (0.8, 0.9] < (0.9, 1.0]]"
55933,TPP1,55933,175.0,0.5,1.0,1.0,8.18,8.0,0.01,-0.01,"[NaN, (-0.001, 0.1], (0.3, 0.4], (0.6, 0.7], (0.7, 0.8], ..., (0.1, 0.2], (0.2, 0.3], (0.8, 0.9], (0.4, 0.5], (0.9, 1.0]]
Length: 11
Categories (10, interval[float64, right]): [(-0.001, 0.1] < (0.1, 0.2] < (0.2, 0.3] < (0.3, 0.4] ... (0.6, 0.7] < (0.7, 0.8] < (0.8, 0.9] < (0.9, 1.0]]"
55933,TPP2,55933,173.0,0.5,1.0,1.0,8.18,7.96,0.01,-0.01,"[NaN, (0.1, 0.2], (0.3, 0.4], (0.6, 0.7], (0.2, 0.3], ..., (-0.001, 0.1], (0.7, 0.8], (0.4, 0.5], (0.8, 0.9], (0.9, 1.0]]
Length: 11
Categories (10, interval[float64, right]): [(-0.001, 0.1] < (0.1, 0.2] < (0.2, 0.3] < (0.3, 0.4] ... (0.6, 0.7] < (0.7, 0.8] < (0.8, 0.9] < (0.9, 1.0]]"
55951,AMP-1,55951,45.0,0.8,1.0,11.0,10.26,10.52,0.01,-0.02,"[NaN, (0.5, 0.6], (0.9, 1.0], (0.7, 0.8], (-0.001, 0.1], ..., (0.4, 0.5], (0.3, 0.4], (0.2, 0.3], (0.8, 0.9], (0.6, 0.7]]
Length: 11
Categories (10, interval[float64, right]): [(-0.001, 0.1] < (0.1, 0.2] < (0.2, 0.3] < (0.3, 0.4] ... (0.6, 0.7] < (0.7, 0.8] < (0.8, 0.9] < (0.9, 1.0]]"
55963,1,55963,50.0,0.4,1.0,1.0,9.9,12.16,0.01,-0.01,"[NaN, (0.7, 0.8], (0.6, 0.7], (0.9, 1.0], (0.4, 0.5], ..., (0.8, 0.9], (0.2, 0.3], (0.3, 0.4], (-0.001, 0.1], (0.1, 0.2]]
Length: 11
Categories (10, interval[float64, right]): [(-0.001, 0.1] < (0.1, 0.2] < (0.2, 0.3] < (0.3, 0.4] ... (0.6, 0.7] < (0.7, 0.8] < (0.8, 0.9] < (0.9, 1.0]]"
55970,2,55970,308.0,0.4,1.0,1.0,6.78,11.01,0.0,-0.0,"[(0.9, 1.0], (0.8, 0.9], (0.6, 0.7], (0.7, 0.8], (0.5, 0.6], ..., (0.2, 0.3], NaN, (-0.001, 0.1], (0.1, 0.2], (0.4, 0.5]]
Length: 11
Categories (10, interval[float64, right]): [(-0.001, 0.1] < (0.1, 0.2] < (0.2, 0.3] < (0.3, 0.4] ... (0.6, 0.7] < (0.7, 0.8] < (0.8, 0.9] < (0.9, 1.0]]"
55970,3,55970,310.0,0.3,8.0,3.0,6.75,11.24,0.0,-0.0,"[(0.9, 1.0], (0.8, 0.9], (0.6, 0.7], (0.7, 0.8], (0.5, 0.6], ..., NaN, (-0.001, 0.1], (0.3, 0.4], (0.4, 0.5], (0.1, 0.2]]
Length: 11
Categories (10, interval[float64, right]): [(-0.001, 0.1] < (0.1, 0.2] < (0.2, 0.3] < (0.3, 0.4] ... (0.6, 0.7] < (0.7, 0.8] < (0.8, 0.9] < (0.9, 1.0]]"
55985,CTG1,55985,293.0,0.5,1.0,1.0,6.83,7.3,0.01,-0.01,"[NaN, (-0.001, 0.1], (0.2, 0.3], (0.7, 0.8], (0.9, 1.0], ..., (0.6, 0.7], (0.5, 0.6], (0.3, 0.4], (0.1, 0.2], (0.4, 0.5]]
Length: 11
Categories (10, interval[float64, right]): [(-0.001, 0.1] < (0.1, 0.2] < (0.2, 0.3] < (0.3, 0.4] ... (0.6, 0.7] < (0.7, 0.8] < (0.8, 0.9] < (0.9, 1.0]]"
55985,CTG2,55985,292.0,0.5,1.0,1.0,6.81,7.3,0.01,-0.01,"[(0.7, 0.8], (0.8, 0.9], (0.9, 1.0], (0.6, 0.7], NaN, ..., (0.1, 0.2], (0.4, 0.5], (0.3, 0.4], (0.5, 0.6], (0.2, 0.3]]
Length: 11
Categories (10, interval[float64, right]): [(-0.001, 0.1] < (0.1, 0.2] < (0.2, 0.3] < (0.3, 0.4] ... (0.6, 0.7] < (0.7, 0.8] < (0.8, 0.9] < (0.9, 1.0]]"
56026,PCT1,56026,77.0,0.4,1.0,1.0,7.84,8.66,0.0,-0.0,"[(0.8, 0.9], (0.7, 0.8], (0.9, 1.0], (0.5, 0.6], (0.4, 0.5], ..., (0.1, 0.2], NaN, (-0.001, 0.1], (0.2, 0.3], (0.3, 0.4]]
Length: 11
Categories (10, interval[float64, right]): [(-0.001, 0.1] < (0.1, 0.2] < (0.2, 0.3] < (0.3, 0.4] ... (0.6, 0.7] < (0.7, 0.8] < (0.8, 0.9] < (0.9, 1.0]]"
56026,PCT2,56026,77.0,0.4,1.0,1.0,7.97,8.89,0.0,-0.0,"[NaN, (-0.001, 0.1], (0.2, 0.3], (0.6, 0.7], (0.5, 0.6], ..., (0.8, 0.9], (0.9, 1.0], (0.1, 0.2], (0.4, 0.5], (0.3, 0.4]]
Length: 11
Categories (10, interval[float64, right]): [(-0.001, 0.1] < (0.1, 0.2] < (0.2, 0.3] < (0.3, 0.4] ... (0.6, 0.7] < (0.7, 0.8] < (0.8, 0.9] < (0.9, 1.0]]"
56041,M1,56041,70.0,0.4,2.0,3.0,7.59,8.48,0.0,-0.0,"[(0.4, 0.5], (0.5, 0.6], (0.6, 0.7], (0.8, 0.9], (0.7, 0.8], ..., (0.1, 0.2], NaN, (-0.001, 0.1], (0.3, 0.4], (0.2, 0.3]]
Length: 11
Categories (10, interval[float64, right]): [(-0.001, 0.1] < (0.1, 0.2] < (0.2, 0.3] < (0.3, 0.4] ... (0.6, 0.7] < (0.7, 0.8] < (0.8, 0.9] < (0.9, 1.0]]"
56041,M2,56041,85.0,0.3,1.0,1.0,5.64,8.67,0.0,-0.0,"[(0.4, 0.5], (0.5, 0.6], (0.7, 0.8], (0.6, 0.7], (0.2, 0.3], ..., (-0.001, 0.1], (0.1, 0.2], (0.3, 0.4], (0.8, 0.9], (0.9, 1.0]]
Length: 11
Categories (10, interval[float64, right]): [(-0.001, 0.1] < (0.1, 0.2] < (0.2, 0.3] < (0.3, 0.4] ... (0.6, 0.7] < (0.7, 0.8] < (0.8, 0.9] < (0.9, 1.0]]"
56046,1,56046,296.0,0.3,2.0,5.0,7.22,8.68,0.0,-0.0,"[(0.5, 0.6], (0.6, 0.7], (0.4, 0.5], (0.3, 0.4], (0.7, 0.8], ..., NaN, (-0.001, 0.1], (0.1, 0.2], (0.2, 0.3], (0.9, 1.0]]
Length: 11
Categories (10, interval[float64, right]): [(-0.001, 0.1] < (0.1, 0.2] < (0.2, 0.3] < (0.3, 0.4] ... (0.6, 0.7] < (0.7, 0.8] < (0.8, 0.9] < (0.9, 1.0]]"
56078,1,56078,144.0,0.5,1.0,1.0,7.91,8.5,0.0,-0.0,"[NaN, (-0.001, 0.1], (0.1, 0.2], (0.2, 0.3], (0.4, 0.5], ..., (0.6, 0.7], (0.8, 0.9], (0.7, 0.8], (0.9, 1.0], (0.3, 0.4]]
Length: 11
Categories (10, interval[float64, right]): [(-0.001, 0.1] < (0.1, 0.2] < (0.2, 0.3] < (0.3, 0.4] ... (0.6, 0.7] < (0.7, 0.8] < (0.8, 0.9] < (0.9, 1.0]]"
56078,2,56078,132.0,0.6,23.0,3.0,7.91,8.49,0.0,-0.0,"[(0.8, 0.9], (0.7, 0.8], (0.6, 0.7], (0.9, 1.0], (0.5, 0.6], ..., (0.1, 0.2], (0.2, 0.3], (-0.001, 0.1], (0.3, 0.4], (0.4, 0.5]]
Length: 11
Categories (10, interval[float64, right]): [(-0.001, 0.1] < (0.1, 0.2] < (0.2, 0.3] < (0.3, 0.4] ... (0.6, 0.7] < (0.7, 0.8] < (0.8, 0.9] < (0.9, 1.0]]"
56135,1,56135,50.0,0.3,1.0,1.0,10.27,13.82,0.01,-0.01,"[NaN, (-0.001, 0.1], (0.3, 0.4], (0.1, 0.2], (0.7, 0.8], ..., (0.9, 1.0], (0.6, 0.7], (0.4, 0.5], (0.5, 0.6], (0.2, 0.3]]
Length: 11
Categories (10, interval[float64, right]): [(-0.001, 0.1] < (0.1, 0.2] < (0.2, 0.3] < (0.3, 0.4] ... (0.6, 0.7] < (0.7, 0.8] < (0.8, 0.9] < (0.9, 1.0]]"
56143,4,56143,53.0,0.4,1.0,1.0,9.49,11.15,0.01,-0.01,"[NaN, (0.4, 0.5], (0.3, 0.4], (0.2, 0.3], (-0.001, 0.1], ..., (0.5, 0.6], (0.6, 0.7], (0.7, 0.8], (0.9, 1.0], (0.1, 0.2]]
Length: 11
Categories (10, interval[float64, right]): [(-0.001, 0.1] < (0.1, 0.2] < (0.2, 0.3] < (0.3, 0.4] ... (0.6, 0.7] < (0.7, 0.8] < (0.8, 0.9] < (0.9, 1.0]]"
56135,2,56135,50.0,0.4,1.0,1.0,9.17,10.96,0.01,-0.01,"[NaN, (-0.001, 0.1], (0.3, 0.4], (0.4, 0.5], (0.2, 0.3], ..., (0.9, 1.0], (0.6, 0.7], (0.8, 0.9], (0.5, 0.6], (0.1, 0.2]]
Length: 11
Categories (10, interval[float64, right]): [(-0.001, 0.1] < (0.1, 0.2] < (0.2, 0.3] < (0.3, 0.4] ... (0.6, 0.7] < (0.7, 0.8] < (0.8, 0.9] < (0.9, 1.0]]"
56143,1,56143,48.0,0.9,1.0,1.0,9.66,9.66,0.02,-0.02,"[NaN, (0.5, 0.6], (0.4, 0.5], (-0.001, 0.1], (0.2, 0.3], ..., (0.6, 0.7], (0.9, 1.0], (0.1, 0.2], (0.8, 0.9], (0.7, 0.8]]
Length: 11
Categories (10, interval[float64, right]): [(-0.001, 0.1] < (0.1, 0.2] < (0.2, 0.3] < (0.3, 0.4] ... (0.6, 0.7] < (0.7, 0.8] < (0.8, 0.9] < (0.9, 1.0]]"
56143,2,56143,50.0,0.9,1.0,1.0,10.06,10.06,0.02,-0.02,"[NaN, (0.4, 0.5], (0.3, 0.4], (0.5, 0.6], (-0.001, 0.1], ..., (0.1, 0.2], (0.6, 0.7], (0.2, 0.3], (0.8, 0.9], (0.7, 0.8]]
Length: 11
Categories (10, interval[float64, right]): [(-0.001, 0.1] < (0.1, 0.2] < (0.2, 0.3] < (0.3, 0.4] ... (0.6, 0.7] < (0.7, 0.8] < (0.8, 0.9] < (0.9, 1.0]]"
56143,3,56143,53.0,0.4,1.0,1.0,9.61,11.14,0.01,-0.02,"[NaN, (0.4, 0.5], (0.3, 0.4], (0.9, 1.0], (0.2, 0.3], ..., (0.1, 0.2], (0.6, 0.7], (0.5, 0.6], (0.7, 0.8], (0.8, 0.9]]
Length: 11
Categories (10, interval[float64, right]): [(-0.001, 0.1] < (0.1, 0.2] < (0.2, 0.3] < (0.3, 0.4] ... (0.6, 0.7] < (0.7, 0.8] < (0.8, 0.9] < (0.9, 1.0]]"
56232,2,56232,45.0,0.9,1.0,1.0,9.91,9.91,0.02,-0.02,"[NaN, (0.8, 0.9], (0.9, 1.0], (0.7, 0.8], (0.3, 0.4], ..., (0.5, 0.6], (0.6, 0.7], (0.2, 0.3], (0.4, 0.5], (0.1, 0.2]]
Length: 11
Categories (10, interval[float64, right]): [(-0.001, 0.1] < (0.1, 0.2] < (0.2, 0.3] < (0.3, 0.4] ... (0.6, 0.7] < (0.7, 0.8] < (0.8, 0.9] < (0.9, 1.0]]"
56232,1,56232,45.0,0.9,1.0,1.0,9.83,9.83,0.01,-0.01,"[NaN, (0.7, 0.8], (0.9, 1.0], (0.8, 0.9], (0.5, 0.6], ..., (0.3, 0.4], (0.6, 0.7], (0.4, 0.5], (0.2, 0.3], (0.1, 0.2]]
Length: 11
Categories (10, interval[float64, right]): [(-0.001, 0.1] < (0.1, 0.2] < (0.2, 0.3] < (0.3, 0.4] ... (0.6, 0.7] < (0.7, 0.8] < (0.8, 0.9] < (0.9, 1.0]]"
56239,GT-1,56239,49.0,0.5,1.0,1.0,9.03,10.47,0.01,-0.01,"[NaN, (0.4, 0.5], (0.1, 0.2], (0.3, 0.4], (0.2, 0.3], ..., (0.7, 0.8], (0.8, 0.9], (0.5, 0.6], (-0.001, 0.1], (0.9, 1.0]]
Length: 11
Categories (10, interval[float64, right]): [(-0.001, 0.1] < (0.1, 0.2] < (0.2, 0.3] < (0.3, 0.4] ... (0.6, 0.7] < (0.7, 0.8] < (0.8, 0.9] < (0.9, 1.0]]"
56239,GT-2,56239,49.0,0.4,1.0,1.0,9.06,11.08,0.01,-0.01,"[NaN, (0.4, 0.5], (0.1, 0.2], (0.3, 0.4], (0.2, 0.3], ..., (0.7, 0.8], (0.8, 0.9], (0.5, 0.6], (-0.001, 0.1], (0.9, 1.0]]
Length: 11
Categories (10, interval[float64, right]): [(-0.001, 0.1] < (0.1, 0.2] < (0.2, 0.3] < (0.3, 0.4] ... (0.6, 0.7] < (0.7, 0.8] < (0.8, 0.9] < (0.9, 1.0]]"
56298,CT001,56298,85.0,0.3,1.0,1.0,8.06,8.98,0.0,-0.0,"[(0.3, 0.4], (0.5, 0.6], (0.6, 0.7], (0.7, 0.8], (0.4, 0.5], ..., NaN, (-0.001, 0.1], (0.2, 0.3], (0.1, 0.2], (0.9, 1.0]]
Length: 11
Categories (10, interval[float64, right]): [(-0.001, 0.1] < (0.1, 0.2] < (0.2, 0.3] < (0.3, 0.4] ... (0.6, 0.7] < (0.7, 0.8] < (0.8, 0.9] < (0.9, 1.0]]"
56298,CT002,56298,87.0,0.3,1.0,1.0,8.29,9.67,0.0,-0.0,"[(0.5, 0.6], (0.4, 0.5], (0.6, 0.7], (0.7, 0.8], (0.8, 0.9], ..., NaN, (-0.001, 0.1], (0.9, 1.0], (0.2, 0.3], (0.1, 0.2]]
Length: 11
Categories (10, interval[float64, right]): [(-0.001, 0.1] < (0.1, 0.2] < (0.2, 0.3] < (0.3, 0.4] ... (0.6, 0.7] < (0.7, 0.8] < (0.8, 0.9] < (0.9, 1.0]]"
56471,CT1,56471,51.0,0.7,1.0,1.0,9.57,10.06,0.01,-0.01,"[NaN, (0.8, 0.9], (0.9, 1.0], (0.7, 0.8], (0.4, 0.5], ..., (0.6, 0.7], (-0.001, 0.1], (0.1, 0.2], (0.5, 0.6], (0.3, 0.4]]
Length: 11
Categories (10, interval[float64, right]): [(-0.001, 0.1] < (0.1, 0.2] < (0.2, 0.3] < (0.3, 0.4] ... (0.6, 0.7] < (0.7, 0.8] < (0.8, 0.9] < (0.9, 1.0]]"
56467,CT1,56467,318.0,0.3,1.0,1.0,7.11,10.29,0.01,-0.01,"[NaN, (-0.001, 0.1], (0.1, 0.2], (0.3, 0.4], (0.4, 0.5], ..., (0.5, 0.6], (0.7, 0.8], (0.8, 0.9], (0.6, 0.7], (0.9, 1.0]]
Length: 11
Categories (10, interval[float64, right]): [(-0.001, 0.1] < (0.1, 0.2] < (0.2, 0.3] < (0.3, 0.4] ... (0.6, 0.7] < (0.7, 0.8] < (0.8, 0.9] < (0.9, 1.0]]"
56467,CT2,56467,317.0,0.3,1.0,1.0,7.01,10.53,0.01,-0.01,"[NaN, (-0.001, 0.1], (0.1, 0.2], (0.4, 0.5], (0.5, 0.6], ..., (0.2, 0.3], (0.6, 0.7], (0.8, 0.9], (0.9, 1.0], (0.7, 0.8]]
Length: 11
Categories (10, interval[float64, right]): [(-0.001, 0.1] < (0.1, 0.2] < (0.2, 0.3] < (0.3, 0.4] ... (0.6, 0.7] < (0.7, 0.8] < (0.8, 0.9] < (0.9, 1.0]]"
56472,CT1,56472,48.0,0.2,1.0,1.0,9.68,15.9,0.01,-0.01,"[NaN, (0.5, 0.6], (0.3, 0.4], (-0.001, 0.1], (0.1, 0.2], ..., (0.9, 1.0], (0.6, 0.7], (0.8, 0.9], (0.7, 0.8], (0.4, 0.5]]
Length: 11
Categories (10, interval[float64, right]): [(-0.001, 0.1] < (0.1, 0.2] < (0.2, 0.3] < (0.3, 0.4] ... (0.6, 0.7] < (0.7, 0.8] < (0.8, 0.9] < (0.9, 1.0]]"
56473,CT1,56473,49.0,0.8,1.0,1.0,9.65,9.83,0.01,-0.02,"[NaN, (0.8, 0.9], (0.9, 1.0], (0.7, 0.8], (-0.001, 0.1], ..., (0.4, 0.5], (0.1, 0.2], (0.2, 0.3], (0.3, 0.4], (0.5, 0.6]]
Length: 11
Categories (10, interval[float64, right]): [(-0.001, 0.1] < (0.1, 0.2] < (0.2, 0.3] < (0.3, 0.4] ... (0.6, 0.7] < (0.7, 0.8] < (0.8, 0.9] < (0.9, 1.0]]"
56474,CT1,56474,51.0,0.4,1.0,1.0,9.61,11.82,0.01,-0.01,"[NaN, (-0.001, 0.1], (0.5, 0.6], (0.1, 0.2], (0.7, 0.8], ..., (0.3, 0.4], (0.8, 0.9], (0.6, 0.7], (0.2, 0.3], (0.4, 0.5]]
Length: 11
Categories (10, interval[float64, right]): [(-0.001, 0.1] < (0.1, 0.2] < (0.2, 0.3] < (0.3, 0.4] ... (0.6, 0.7] < (0.7, 0.8] < (0.8, 0.9] < (0.9, 1.0]]"
56475,CT1,56475,49.0,0.9,1.0,1.0,9.43,9.43,0.01,-0.01,"[NaN, (0.2, 0.3], (0.5, 0.6], (0.4, 0.5], (-0.001, 0.1], ..., (0.9, 1.0], (0.3, 0.4], (0.6, 0.7], (0.8, 0.9], (0.7, 0.8]]
Length: 11
Categories (10, interval[float64, right]): [(-0.001, 0.1] < (0.1, 0.2] < (0.2, 0.3] < (0.3, 0.4] ... (0.6, 0.7] < (0.7, 0.8] < (0.8, 0.9] < (0.9, 1.0]]"
56476,GT1,56476,296.0,0.6,1.0,1.0,7.14,7.3,0.0,-0.0,"[(0.8, 0.9], (0.7, 0.8], (0.9, 1.0], (0.5, 0.6], (0.2, 0.3], ..., (0.6, 0.7], (-0.001, 0.1], (0.3, 0.4], (0.1, 0.2], (0.4, 0.5]]
Length: 11
Categories (10, interval[float64, right]): [(-0.001, 0.1] < (0.1, 0.2] < (0.2, 0.3] < (0.3, 0.4] ... (0.6, 0.7] < (0.7, 0.8] < (0.8, 0.9] < (0.9, 1.0]]"
56476,GT2,56476,291.0,0.5,1.0,1.0,7.13,7.62,0.0,-0.0,"[(0.8, 0.9], (0.7, 0.8], (0.9, 1.0], (0.5, 0.6], (0.4, 0.5], ..., NaN, (-0.001, 0.1], (0.3, 0.4], (0.2, 0.3], (0.1, 0.2]]
Length: 11
Categories (10, interval[float64, right]): [(-0.001, 0.1] < (0.1, 0.2] < (0.2, 0.3] < (0.3, 0.4] ... (0.6, 0.7] < (0.7, 0.8] < (0.8, 0.9] < (0.9, 1.0]]"
56532,CT1,56532,331.0,0.4,4.0,1.0,7.15,8.49,0.0,-0.0,"[(0.8, 0.9], (0.7, 0.8], (0.5, 0.6], (0.9, 1.0], (0.6, 0.7], ..., NaN, (-0.001, 0.1], (0.1, 0.2], (0.3, 0.4], (0.4, 0.5]]
Length: 11
Categories (10, interval[float64, right]): [(-0.001, 0.1] < (0.1, 0.2] < (0.2, 0.3] < (0.3, 0.4] ... (0.6, 0.7] < (0.7, 0.8] < (0.8, 0.9] < (0.9, 1.0]]"
56532,CT2,56532,327.0,0.5,1.0,1.0,7.13,7.35,0.0,-0.0,"[(0.8, 0.9], (0.7, 0.8], (0.6, 0.7], (0.2, 0.3], NaN, ..., (0.9, 1.0], (0.5, 0.6], (0.4, 0.5], (0.3, 0.4], (0.1, 0.2]]
Length: 11
Categories (10, interval[float64, right]): [(-0.001, 0.1] < (0.1, 0.2] < (0.2, 0.3] < (0.3, 0.4] ... (0.6, 0.7] < (0.7, 0.8] < (0.8, 0.9] < (0.9, 1.0]]"
56569,1,56569,50.0,0.8,1.0,1.0,9.1,9.24,0.01,-0.01,"[NaN, (0.7, 0.8], (0.8, 0.9], (0.2, 0.3], (-0.001, 0.1], ..., (0.6, 0.7], (0.4, 0.5], (0.5, 0.6], (0.3, 0.4], (0.1, 0.2]]
Length: 11
Categories (10, interval[float64, right]): [(-0.001, 0.1] < (0.1, 0.2] < (0.2, 0.3] < (0.3, 0.4] ... (0.6, 0.7] < (0.7, 0.8] < (0.8, 0.9] < (0.9, 1.0]]"
56569,2,56569,50.0,0.5,1.0,1.0,9.28,10.43,0.01,-0.01,"[NaN, (0.6, 0.7], (0.2, 0.3], (0.8, 0.9], (0.9, 1.0], ..., (0.3, 0.4], (0.5, 0.6], (0.4, 0.5], (0.1, 0.2], (-0.001, 0.1]]
Length: 11
Categories (10, interval[float64, right]): [(-0.001, 0.1] < (0.1, 0.2] < (0.2, 0.3] < (0.3, 0.4] ... (0.6, 0.7] < (0.7, 0.8] < (0.8, 0.9] < (0.9, 1.0]]"
56639,2,56639,62.0,0.3,1.0,1.0,10.79,11.91,0.01,-0.01,"[NaN, (0.5, 0.6], (0.8, 0.9], (0.2, 0.3], (0.6, 0.7], ..., (-0.001, 0.1], (0.1, 0.2], (0.9, 1.0], (0.4, 0.5], (0.3, 0.4]]
Length: 11
Categories (10, interval[float64, right]): [(-0.001, 0.1] < (0.1, 0.2] < (0.2, 0.3] < (0.3, 0.4] ... (0.6, 0.7] < (0.7, 0.8] < (0.8, 0.9] < (0.9, 1.0]]"
56639,1,56639,60.0,0.3,1.0,1.0,10.67,12.33,0.01,-0.01,"[NaN, (0.6, 0.7], (0.5, 0.6], (0.7, 0.8], (0.2, 0.3], ..., (0.4, 0.5], (0.8, 0.9], (0.3, 0.4], (-0.001, 0.1], (0.9, 1.0]]
Length: 11
Categories (10, interval[float64, right]): [(-0.001, 0.1] < (0.1, 0.2] < (0.2, 0.3] < (0.3, 0.4] ... (0.6, 0.7] < (0.7, 0.8] < (0.8, 0.9] < (0.9, 1.0]]"
56803,1,56803,111.0,0.4,1.0,1.0,8.66,10.35,0.01,-0.01,"[NaN, (0.7, 0.8], (0.9, 1.0], (0.8, 0.9], (0.4, 0.5], ..., (-0.001, 0.1], (0.5, 0.6], (0.6, 0.7], (0.2, 0.3], (0.1, 0.2]]
Length: 11
Categories (10, interval[float64, right]): [(-0.001, 0.1] < (0.1, 0.2] < (0.2, 0.3] < (0.3, 0.4] ... (0.6, 0.7] < (0.7, 0.8] < (0.8, 0.9] < (0.9, 1.0]]"
56803,3,56803,109.0,0.4,1.0,1.0,8.71,10.55,0.01,-0.01,"[NaN, (0.4, 0.5], (0.9, 1.0], (0.7, 0.8], (0.8, 0.9], ..., (-0.001, 0.1], (0.6, 0.7], (0.5, 0.6], (0.2, 0.3], (0.1, 0.2]]
Length: 11
Categories (10, interval[float64, right]): [(-0.001, 0.1] < (0.1, 0.2] < (0.2, 0.3] < (0.3, 0.4] ... (0.6, 0.7] < (0.7, 0.8] < (0.8, 0.9] < (0.9, 1.0]]"
56803,2,56803,110.0,0.4,1.0,1.0,8.75,10.54,0.01,-0.01,"[NaN, (0.7, 0.8], (0.9, 1.0], (0.8, 0.9], (0.4, 0.5], ..., (-0.001, 0.1], (0.5, 0.6], (0.6, 0.7], (0.2, 0.3], (0.1, 0.2]]
Length: 11
Categories (10, interval[float64, right]): [(-0.001, 0.1] < (0.1, 0.2] < (0.2, 0.3] < (0.3, 0.4] ... (0.6, 0.7] < (0.7, 0.8] < (0.8, 0.9] < (0.9, 1.0]]"
56803,4,56803,110.0,0.4,1.0,1.0,8.78,10.52,0.01,-0.01,"[NaN, (0.4, 0.5], (0.9, 1.0], (0.7, 0.8], (0.8, 0.9], ..., (0.3, 0.4], (-0.001, 0.1], (0.6, 0.7], (0.5, 0.6], (0.1, 0.2]]
Length: 11
Categories (10, interval[float64, right]): [(-0.001, 0.1] < (0.1, 0.2] < (0.2, 0.3] < (0.3, 0.4] ... (0.6, 0.7] < (0.7, 0.8] < (0.8, 0.9] < (0.9, 1.0]]"
56914,CTG2,56914,51.0,0.5,1.0,1.0,9.6,10.89,0.01,-0.01,"[NaN, (0.4, 0.5], (-0.001, 0.1], (0.1, 0.2], (0.3, 0.4], ..., (0.7, 0.8], (0.9, 1.0], (0.6, 0.7], (0.8, 0.9], (0.2, 0.3]]
Length: 11
Categories (10, interval[float64, right]): [(-0.001, 0.1] < (0.1, 0.2] < (0.2, 0.3] < (0.3, 0.4] ... (0.6, 0.7] < (0.7, 0.8] < (0.8, 0.9] < (0.9, 1.0]]"
56914,CTG1,56914,51.0,0.5,1.0,1.0,9.61,11.08,0.01,-0.01,"[NaN, (0.4, 0.5], (0.3, 0.4], (-0.001, 0.1], (0.1, 0.2], ..., (0.6, 0.7], (0.7, 0.8], (0.8, 0.9], (0.9, 1.0], (0.2, 0.3]]
Length: 11
Categories (10, interval[float64, right]): [(-0.001, 0.1] < (0.1, 0.2] < (0.2, 0.3] < (0.3, 0.4] ... (0.6, 0.7] < (0.7, 0.8] < (0.8, 0.9] < (0.9, 1.0]]"
57001,1,57001,50.0,0.5,1.0,1.0,9.75,11.3,0.01,-0.01,"[NaN, (0.4, 0.5], (0.3, 0.4], (-0.001, 0.1], (0.9, 1.0], ..., (0.5, 0.6], (0.2, 0.3], (0.8, 0.9], (0.1, 0.2], (0.6, 0.7]]
Length: 11
Categories (10, interval[float64, right]): [(-0.001, 0.1] < (0.1, 0.2] < (0.2, 0.3] < (0.3, 0.4] ... (0.6, 0.7] < (0.7, 0.8] < (0.8, 0.9] < (0.9, 1.0]]"
57027,3,57027,51.0,0.9,1.0,1.0,9.81,9.81,0.02,-0.02,"[NaN, (0.4, 0.5], (0.3, 0.4], (-0.001, 0.1], (0.8, 0.9], ..., (0.5, 0.6], (0.1, 0.2], (0.6, 0.7], (0.7, 0.8], (0.2, 0.3]]
Length: 11
Categories (10, interval[float64, right]): [(-0.001, 0.1] < (0.1, 0.2] < (0.2, 0.3] < (0.3, 0.4] ... (0.6, 0.7] < (0.7, 0.8] < (0.8, 0.9] < (0.9, 1.0]]"
57027,2,57027,50.0,0.6,1.0,1.0,9.88,10.32,0.02,-0.02,"[NaN, (0.8, 0.9], (0.9, 1.0], (-0.001, 0.1], (0.5, 0.6], ..., (0.3, 0.4], (0.4, 0.5], (0.7, 0.8], (0.1, 0.2], (0.2, 0.3]]
Length: 11
Categories (10, interval[float64, right]): [(-0.001, 0.1] < (0.1, 0.2] < (0.2, 0.3] < (0.3, 0.4] ... (0.6, 0.7] < (0.7, 0.8] < (0.8, 0.9] < (0.9, 1.0]]"
57027,4,57027,50.0,0.6,1.0,1.0,9.85,10.68,0.02,-0.02,"[NaN, (-0.001, 0.1], (0.4, 0.5], (0.3, 0.4], (0.8, 0.9], ..., (0.5, 0.6], (0.7, 0.8], (0.1, 0.2], (0.6, 0.7], (0.2, 0.3]]
Length: 11
Categories (10, interval[float64, right]): [(-0.001, 0.1] < (0.1, 0.2] < (0.2, 0.3] < (0.3, 0.4] ... (0.6, 0.7] < (0.7, 0.8] < (0.8, 0.9] < (0.9, 1.0]]"
57027,1,57027,50.0,0.9,1.0,1.0,9.87,9.87,0.02,-0.01,"[(0.4, 0.5], (0.3, 0.4], NaN, (0.5, 0.6], (0.7, 0.8], ..., (0.6, 0.7], (-0.001, 0.1], (0.9, 1.0], (0.8, 0.9], (0.2, 0.3]]
Length: 11
Categories (10, interval[float64, right]): [(-0.001, 0.1] < (0.1, 0.2] < (0.2, 0.3] < (0.3, 0.4] ... (0.6, 0.7] < (0.7, 0.8] < (0.8, 0.9] < (0.9, 1.0]]"
57075,BLR1,57075,,,,,,,,,
57074,BLR1,57074,,,,,,,,,
57073,BLR1,57073,,,,,,,,,
57267,1,57267,207.0,0.5,1.0,5.0,10.64,11.86,0.01,-0.01,"[NaN, (0.4, 0.5], (0.5, 0.6], (0.6, 0.7], (0.9, 1.0], ..., (0.8, 0.9], (0.7, 0.8], (0.3, 0.4], (-0.001, 0.1], (0.1, 0.2]]
Length: 11
Categories (10, interval[float64, right]): [(-0.001, 0.1] < (0.1, 0.2] < (0.2, 0.3] < (0.3, 0.4] ... (0.6, 0.7] < (0.7, 0.8] < (0.8, 0.9] < (0.9, 1.0]]"
57482,1,57482,109.0,0.4,1.0,1.0,8.8,10.65,0.01,-0.01,"[NaN, (0.5, 0.6], (0.8, 0.9], (0.9, 1.0], (0.4, 0.5], ..., (0.2, 0.3], (0.7, 0.8], (0.6, 0.7], (0.3, 0.4], (0.1, 0.2]]
Length: 11
Categories (10, interval[float64, right]): [(-0.001, 0.1] < (0.1, 0.2] < (0.2, 0.3] < (0.3, 0.4] ... (0.6, 0.7] < (0.7, 0.8] < (0.8, 0.9] < (0.9, 1.0]]"
57482,2,57482,108.0,0.4,1.0,1.0,8.73,10.53,0.01,-0.01,"[NaN, (0.5, 0.6], (0.7, 0.8], (0.2, 0.3], (0.4, 0.5], ..., (0.3, 0.4], (0.8, 0.9], (-0.001, 0.1], (0.9, 1.0], (0.1, 0.2]]
Length: 11
Categories (10, interval[float64, right]): [(-0.001, 0.1] < (0.1, 0.2] < (0.2, 0.3] < (0.3, 0.4] ... (0.6, 0.7] < (0.7, 0.8] < (0.8, 0.9] < (0.9, 1.0]]"
57267,3,57267,205.0,0.5,1.0,1.0,10.68,11.85,0.01,-0.01,"[NaN, (0.3, 0.4], (0.5, 0.6], (0.6, 0.7], (-0.001, 0.1], ..., (0.9, 1.0], (0.4, 0.5], (0.8, 0.9], (0.7, 0.8], (0.1, 0.2]]
Length: 11
Categories (10, interval[float64, right]): [(-0.001, 0.1] < (0.1, 0.2] < (0.2, 0.3] < (0.3, 0.4] ... (0.6, 0.7] < (0.7, 0.8] < (0.8, 0.9] < (0.9, 1.0]]"
57267,4,57267,207.0,0.5,1.0,1.0,10.55,11.86,0.01,-0.01,"[NaN, (0.4, 0.5], (0.2, 0.3], (0.6, 0.7], (0.3, 0.4], ..., (0.7, 0.8], (0.9, 1.0], (-0.001, 0.1], (0.8, 0.9], (0.1, 0.2]]
Length: 11
Categories (10, interval[float64, right]): [(-0.001, 0.1] < (0.1, 0.2] < (0.2, 0.3] < (0.3, 0.4] ... (0.6, 0.7] < (0.7, 0.8] < (0.8, 0.9] < (0.9, 1.0]]"
57267,2,57267,206.0,0.515,1.0,1.0,10.67,11.89,0.01,-0.01,"[NaN, (0.709, 0.806], (0.903, 1.0], (0.806, 0.903], (0.515, 0.612], ..., (0.223, 0.32], (0.612, 0.709], (0.126, 0.223], (0.417, 0.515], (0.0282, 0.126]]
Length: 11
Categories (10, interval[float64, right]): [(0.0282, 0.126] < (0.126, 0.223] < (0.223, 0.32] < (0.32, 0.417] ... (0.612, 0.709] < (0.709, 0.806] < (0.806, 0.903] < (0.903, 1.0]]"
57482,3,57482,109.0,0.4,1.0,1.0,8.95,10.58,0.01,-0.01,"[NaN, (0.4, 0.5], (0.6, 0.7], (0.8, 0.9], (0.5, 0.6], ..., (0.2, 0.3], (-0.001, 0.1], (0.3, 0.4], (0.9, 1.0], (0.1, 0.2]]
Length: 11
Categories (10, interval[float64, right]): [(-0.001, 0.1] < (0.1, 0.2] < (0.2, 0.3] < (0.3, 0.4] ... (0.6, 0.7] < (0.7, 0.8] < (0.8, 0.9] < (0.9, 1.0]]"
57482,4,57482,110.0,0.4,1.0,1.0,8.81,10.55,0.01,-0.01,"[NaN, (0.5, 0.6], (0.6, 0.7], (0.7, 0.8], (0.3, 0.4], ..., (-0.001, 0.1], (0.8, 0.9], (0.2, 0.3], (0.9, 1.0], (0.1, 0.2]]
Length: 11
Categories (10, interval[float64, right]): [(-0.001, 0.1] < (0.1, 0.2] < (0.2, 0.3] < (0.3, 0.4] ... (0.6, 0.7] < (0.7, 0.8] < (0.8, 0.9] < (0.9, 1.0]]"
57482,5,57482,110.0,0.4,1.0,1.0,8.75,10.56,0.01,-0.01,"[NaN, (0.6, 0.7], (0.3, 0.4], (0.7, 0.8], (0.5, 0.6], ..., (0.4, 0.5], (0.8, 0.9], (0.2, 0.3], (0.9, 1.0], (0.1, 0.2]]
Length: 11
Categories (10, interval[float64, right]): [(-0.001, 0.1] < (0.1, 0.2] < (0.2, 0.3] < (0.3, 0.4] ... (0.6, 0.7] < (0.7, 0.8] < (0.8, 0.9] < (0.9, 1.0]]"
57482,6,57482,109.0,0.4,1.0,1.0,8.82,10.58,0.01,-0.01,"[NaN, (0.7, 0.8], (0.3, 0.4], (0.4, 0.5], (0.6, 0.7], ..., (0.8, 0.9], (-0.001, 0.1], (0.2, 0.3], (0.9, 1.0], (0.1, 0.2]]
Length: 11
Categories (10, interval[float64, right]): [(-0.001, 0.1] < (0.1, 0.2] < (0.2, 0.3] < (0.3, 0.4] ... (0.6, 0.7] < (0.7, 0.8] < (0.8, 0.9] < (0.9, 1.0]]"
57482,7,57482,108.0,0.4,1.0,1.0,8.75,10.55,0.01,-0.01,"[NaN, (0.6, 0.7], (0.4, 0.5], (0.7, 0.8], (0.5, 0.6], ..., (0.3, 0.4], (0.8, 0.9], (0.9, 1.0], (0.2, 0.3], (0.1, 0.2]]
Length: 11
Categories (10, interval[float64, right]): [(-0.001, 0.1] < (0.1, 0.2] < (0.2, 0.3] < (0.3, 0.4] ... (0.6, 0.7] < (0.7, 0.8] < (0.8, 0.9] < (0.9, 1.0]]"
57482,8,57482,111.0,0.4,1.0,1.0,8.72,10.51,0.01,-0.01,"[NaN, (0.7, 0.8], (0.6, 0.7], (-0.001, 0.1], (0.2, 0.3], ..., (0.5, 0.6], (0.4, 0.5], (0.1, 0.2], (0.9, 1.0], (0.8, 0.9]]
Length: 11
Categories (10, interval[float64, right]): [(-0.001, 0.1] < (0.1, 0.2] < (0.2, 0.3] < (0.3, 0.4] ... (0.6, 0.7] < (0.7, 0.8] < (0.8, 0.9] < (0.9, 1.0]]"
57483,GT-1,57483,51.0,0.4,1.0,1.0,9.45,10.68,0.01,-0.02,"[NaN, (0.5, 0.6], (0.4, 0.5], (0.3, 0.4], (0.6, 0.7], ..., (0.9, 1.0], (0.7, 0.8], (0.2, 0.3], (-0.001, 0.1], (0.8, 0.9]]
Length: 11
Categories (10, interval[float64, right]): [(-0.001, 0.1] < (0.1, 0.2] < (0.2, 0.3] < (0.3, 0.4] ... (0.6, 0.7] < (0.7, 0.8] < (0.8, 0.9] < (0.9, 1.0]]"
57483,GT-2,57483,51.0,0.4,1.0,1.0,9.39,10.76,0.01,-0.02,"[NaN, (0.5, 0.6], (0.3, 0.4], (-0.001, 0.1], (0.4, 0.5], ..., (0.6, 0.7], (0.7, 0.8], (0.8, 0.9], (0.2, 0.3], (0.1, 0.2]]
Length: 11
Categories (10, interval[float64, right]): [(-0.001, 0.1] < (0.1, 0.2] < (0.2, 0.3] < (0.3, 0.4] ... (0.6, 0.7] < (0.7, 0.8] < (0.8, 0.9] < (0.9, 1.0]]"
57483,GT-3,57483,51.0,0.4,1.0,1.0,9.34,10.74,0.01,-0.02,"[NaN, (0.5, 0.6], (0.3, 0.4], (0.6, 0.7], (-0.001, 0.1], ..., (0.9, 1.0], (0.8, 0.9], (0.7, 0.8], (0.2, 0.3], (0.1, 0.2]]
Length: 11
Categories (10, interval[float64, right]): [(-0.001, 0.1] < (0.1, 0.2] < (0.2, 0.3] < (0.3, 0.4] ... (0.6, 0.7] < (0.7, 0.8] < (0.8, 0.9] < (0.9, 1.0]]"
57483,GT-4,57483,51.0,0.4,1.0,1.0,9.42,10.87,0.01,-0.01,"[NaN, (0.5, 0.6], (0.3, 0.4], (0.6, 0.7], (-0.001, 0.1], ..., (0.9, 1.0], (0.8, 0.9], (0.2, 0.3], (0.7, 0.8], (0.1, 0.2]]
Length: 11
Categories (10, interval[float64, right]): [(-0.001, 0.1] < (0.1, 0.2] < (0.2, 0.3] < (0.3, 0.4] ... (0.6, 0.7] < (0.7, 0.8] < (0.8, 0.9] < (0.9, 1.0]]"
57515,GT1,57515,108.0,0.7,1.0,1.0,8.43,8.78,0.01,-0.02,"[(0.7, 0.8], (0.8, 0.9], (0.6, 0.7], NaN, (0.2, 0.3], ..., (0.1, 0.2], (0.4, 0.5], (0.9, 1.0], (0.5, 0.6], (-0.001, 0.1]]
Length: 11
Categories (10, interval[float64, right]): [(-0.001, 0.1] < (0.1, 0.2] < (0.2, 0.3] < (0.3, 0.4] ... (0.6, 0.7] < (0.7, 0.8] < (0.8, 0.9] < (0.9, 1.0]]"
57515,GT2,57515,108.0,0.4,1.0,1.0,8.5,10.14,0.01,-0.02,"[NaN, (0.6, 0.7], (0.8, 0.9], (0.4, 0.5], (0.5, 0.6], ..., (0.7, 0.8], (-0.001, 0.1], (0.2, 0.3], (0.9, 1.0], (0.3, 0.4]]
Length: 11
Categories (10, interval[float64, right]): [(-0.001, 0.1] < (0.1, 0.2] < (0.2, 0.3] < (0.3, 0.4] ... (0.6, 0.7] < (0.7, 0.8] < (0.8, 0.9] < (0.9, 1.0]]"
57515,GT3,57515,108.0,0.4,1.0,1.0,8.53,10.13,0.01,-0.02,"[NaN, (0.6, 0.7], (0.7, 0.8], (0.1, 0.2], (-0.001, 0.1], ..., (0.8, 0.9], (0.9, 1.0], (0.4, 0.5], (0.3, 0.4], (0.5, 0.6]]
Length: 11
Categories (10, interval[float64, right]): [(-0.001, 0.1] < (0.1, 0.2] < (0.2, 0.3] < (0.3, 0.4] ... (0.6, 0.7] < (0.7, 0.8] < (0.8, 0.9] < (0.9, 1.0]]"
57515,GT4,57515,106.0,0.4,1.0,1.0,8.62,10.35,0.01,-0.02,"[NaN, (0.5, 0.6], (0.8, 0.9], (0.6, 0.7], (0.1, 0.2], ..., (-0.001, 0.1], (0.2, 0.3], (0.9, 1.0], (0.3, 0.4], (0.4, 0.5]]
Length: 11
Categories (10, interval[float64, right]): [(-0.001, 0.1] < (0.1, 0.2] < (0.2, 0.3] < (0.3, 0.4] ... (0.6, 0.7] < (0.7, 0.8] < (0.8, 0.9] < (0.9, 1.0]]"
57515,GT5,57515,107.0,0.4,1.0,1.0,8.57,10.32,0.01,-0.02,"[NaN, (0.2, 0.3], (0.7, 0.8], (0.9, 1.0], (-0.001, 0.1], ..., (0.8, 0.9], (0.6, 0.7], (0.4, 0.5], (0.1, 0.2], (0.3, 0.4]]
Length: 11
Categories (10, interval[float64, right]): [(-0.001, 0.1] < (0.1, 0.2] < (0.2, 0.3] < (0.3, 0.4] ... (0.6, 0.7] < (0.7, 0.8] < (0.8, 0.9] < (0.9, 1.0]]"
57555,CTG1,57555,114.0,0.4,1.0,1.0,8.81,10.51,0.01,-0.01,"[NaN, (0.8, 0.9], (0.5, 0.6], (0.4, 0.5], (-0.001, 0.1], ..., (0.2, 0.3], (0.1, 0.2], (0.7, 0.8], (0.6, 0.7], (0.9, 1.0]]
Length: 11
Categories (10, interval[float64, right]): [(-0.001, 0.1] < (0.1, 0.2] < (0.2, 0.3] < (0.3, 0.4] ... (0.6, 0.7] < (0.7, 0.8] < (0.8, 0.9] < (0.9, 1.0]]"
57555,CTG2,57555,117.0,0.4,1.0,1.0,8.55,10.22,0.01,-0.01,"[NaN, (0.4, 0.5], (0.2, 0.3], (0.5, 0.6], (0.9, 1.0], ..., (0.3, 0.4], (0.6, 0.7], (0.7, 0.8], (0.8, 0.9], (0.1, 0.2]]
Length: 11
Categories (10, interval[float64, right]): [(-0.001, 0.1] < (0.1, 0.2] < (0.2, 0.3] < (0.3, 0.4] ... (0.6, 0.7] < (0.7, 0.8] < (0.8, 0.9] < (0.9, 1.0]]"
57555,CTG3,57555,115.0,0.4,1.0,1.0,8.61,10.29,0.01,-0.01,"[NaN, (0.4, 0.5], (0.3, 0.4], (0.2, 0.3], (0.5, 0.6], ..., (0.9, 1.0], (-0.001, 0.1], (0.7, 0.8], (0.6, 0.7], (0.1, 0.2]]
Length: 11
Categories (10, interval[float64, right]): [(-0.001, 0.1] < (0.1, 0.2] < (0.2, 0.3] < (0.3, 0.4] ... (0.6, 0.7] < (0.7, 0.8] < (0.8, 0.9] < (0.9, 1.0]]"
57564,8,57564,41.0,0.2,1.0,1.0,10.01,15.53,0.01,-0.01,"[NaN, (0.1, 0.2], (0.3, 0.4], (0.2, 0.3], (0.9, 1.0], ..., (-0.001, 0.1], (0.6, 0.7], (0.5, 0.6], (0.7, 0.8], (0.4, 0.5]]
Length: 11
Categories (10, interval[float64, right]): [(-0.001, 0.1] < (0.1, 0.2] < (0.2, 0.3] < (0.3, 0.4] ... (0.6, 0.7] < (0.7, 0.8] < (0.8, 0.9] < (0.9, 1.0]]"
57978,CT1,57978,204.0,0.4,1.0,1.0,10.38,12.95,0.01,-0.0,"[NaN, (0.1, 0.2], (0.6, 0.7], (0.9, 1.0], (0.5, 0.6], ..., (-0.001, 0.1], (0.7, 0.8], (0.3, 0.4], (0.2, 0.3], (0.4, 0.5]]
Length: 11
Categories (10, interval[float64, right]): [(-0.001, 0.1] < (0.1, 0.2] < (0.2, 0.3] < (0.3, 0.4] ... (0.6, 0.7] < (0.7, 0.8] < (0.8, 0.9] < (0.9, 1.0]]"
58122,GEN1,58122,50.0,0.3,1.0,1.0,9.69,13.13,0.01,-0.01,"[NaN, (0.7, 0.8], (0.5, 0.6], (-0.001, 0.1], (0.2, 0.3], ..., (0.3, 0.4], (0.1, 0.2], (0.9, 1.0], (0.6, 0.7], (0.8, 0.9]]
Length: 11
Categories (10, interval[float64, right]): [(-0.001, 0.1] < (0.1, 0.2] < (0.2, 0.3] < (0.3, 0.4] ... (0.6, 0.7] < (0.7, 0.8] < (0.8, 0.9] < (0.9, 1.0]]"
60698,D1,60698,50.0,0.9,1.0,1.0,9.66,9.66,0.01,-0.01,"[NaN, (0.4, 0.5], (0.8, 0.9], (-0.001, 0.1], (0.7, 0.8], ..., (0.9, 1.0], (0.5, 0.6], (0.1, 0.2], (0.2, 0.3], (0.3, 0.4]]
Length: 11
Categories (10, interval[float64, right]): [(-0.001, 0.1] < (0.1, 0.2] < (0.2, 0.3] < (0.3, 0.4] ... (0.6, 0.7] < (0.7, 0.8] < (0.8, 0.9] < (0.9, 1.0]]"
60698,D7,60698,50.0,0.9,1.0,1.0,9.7,9.7,0.02,-0.01,"[NaN, (0.8, 0.9], (-0.001, 0.1], (0.4, 0.5], (0.3, 0.4], ..., (0.1, 0.2], (0.6, 0.7], (0.5, 0.6], (0.9, 1.0], (0.7, 0.8]]
Length: 11
Categories (10, interval[float64, right]): [(-0.001, 0.1] < (0.1, 0.2] < (0.2, 0.3] < (0.3, 0.4] ... (0.6, 0.7] < (0.7, 0.8] < (0.8, 0.9] < (0.9, 1.0]]"
56298,CT005,56298,33.0,0.7,1.0,1.0,9.89,10.36,0.01,-0.01,"[NaN, (-0.001, 0.1], (0.4, 0.5], (0.6, 0.7], (0.8, 0.9], ..., (0.2, 0.3], (0.5, 0.6], (0.1, 0.2], (0.9, 1.0], (0.3, 0.4]]
Length: 11
Categories (10, interval[float64, right]): [(-0.001, 0.1] < (0.1, 0.2] < (0.2, 0.3] < (0.3, 0.4] ... (0.6, 0.7] < (0.7, 0.8] < (0.8, 0.9] < (0.9, 1.0]]"
56298,CT006,56298,33.0,0.8,1.0,1.0,9.73,9.97,0.01,-0.01,"[NaN, (0.5, 0.6], (0.4, 0.5], (-0.001, 0.1], (0.7, 0.8], ..., (0.8, 0.9], (0.9, 1.0], (0.3, 0.4], (0.2, 0.3], (0.1, 0.2]]
Length: 11
Categories (10, interval[float64, right]): [(-0.001, 0.1] < (0.1, 0.2] < (0.2, 0.3] < (0.3, 0.4] ... (0.6, 0.7] < (0.7, 0.8] < (0.8, 0.9] < (0.9, 1.0]]"
